Plot_Num,AvgTempC,MaxTempC,MinTempC,AvgRHperc,MaxRHperc,MinRHperc,AvgVPD,MaxVPD,MinVPD,RowID,Ring,SpeciesRichness,Species,Initial.Growth.1..Week.1.,Initial.Growth.2..Week.1.,Initial.Growth.3..Week.1.,Leaves.1..Week.1.,Leaves.2..Week.1.,Leaves.3..Week.1.,Flower.1..Week.1.,Flower.2..Week.1.,Flower.3..Week.1.,Open.Flowers.1..Week.1.,Open.Flowers.2..Week.1.,Open.Flowers.3..Week.1.,Open.flowers.COUNT..Week.1.,Fruits.1..Week.1.,Fruits.2..Week.1.,Fruits.3..Week.1.,Ripe.Fruits.1..Week.1.,Ripe.Fruits.2..Week.1.,Ripe.Fruits.3...Week.1.,Initial.Growth.1..Week.2.,Initial.Growth.2..Week.2.,Initial.Growth.3..Week.2.,Leaves.1..Week.2.,Leaves.2..Week.2.,Leaves.3..Week.2.,Flower.1..Week.2.,Flower.2..Week.2.,Flower.3..Week.2.,Open.Flowers.1..Week.2.,Open.Flowers.2..Week.2.,Open.Flowers.3..Week.2.,Open.flowers.COUNT..Week.2.,Fruits.1..Week.2.,Fruits.2..Week.2.,Fruits.3..Week.2.,Ripe.Fruits.1..Week.2.,Ripe.Fruits.2..Week.2.,Ripe.Fruits.3..Week.2.,Initial.Growth.1..Week.3.,Initial.Growth.2..Week.3.,Initial.Growth.3..Week.3.,Leaves.1..Week.3.,Leaves.2..Week.3.,Leaves.3..Week.3.,Flower.1..Week.3.,Flower.2..Week.3.,Flower.3..Week.3.,Open.Flowers.1..Week.3.,Open.Flowers.2..Week.3.,Open.Flowers.3..Week.3.,Open.flowers.COUNT..Week.3.,Fruits.1..Week.3.,Fruits.2..Week.3.,Fruits.3..Week.3.,Ripe.Fruits.1..Week.3.,Ripe.Fruits.2..Week.3.,Ripe.Fruits.3..Week.3.,Initial.Growth.1..Week.4.,Initial.Growth.2..Week.4.,Initial.Growth.3..Week.4.,Leaves.1..Week.4.,Leaves.2..Week.4.,Leaves.3..Week.4.,Flower.1..Week.4.,Flower.2..Week.4.,Flower.3..Week.4.,Open.Flowers.1..Week.4.,Open.Flowers.2..Week.4.,Open.Flowers.3..Week.4.,Open.flowers.COUNT..Week.4.,Fruits.1..Week.4.,Fruits.2..Week.4.,Fruits.3..Week.4.,Ripe.Fruits.1..Week.4.,Ripe.Fruits.2..Week.4.,Ripe.Fruits.3..Week.4.,Initial.Growth.1..Week.5.,Initial.Growth.2..Week.5.,Initial.Growth.3..Week.5.,Leaves.1..Week.5.,Leaves.2..Week.5.,Leaves.3..Week.5.,Flower.1..Week.5.,Flower.2..Week.5.,Flower.3..Week.5.,Open.Flowers.1..Week.5.,Open.Flowers.2..Week.5.,Open.Flowers.3..Week.5.,Open.flowers.COUNT..Week.5.,Fruits.1..Week.5.,Fruits.2..Week.5.,Fruits.3..Week.5.,Ripe.Fruits.1..Week.5.,Ripe.Fruits.2..Week.5.,Ripe.Fruits.3..Week.5.,Initial.Growth.1..Week.6.,Initial.Growth.2..Week.6.,Initial.Growth.3..Week.6.,Leaves.1..Week.6.,Leaves.2..Week.6.,Leaves.3..Week.6.,Flower.1..Week.6.,Flower.2..Week.6.,Flower.3..Week.6.,Open.Flowers.1..Week.6.,Open.Flowers.2..Week.6.,Open.Flowers.3..Week.6.,Open.flowers.COUNT..Week.6.,Fruits.1..Week.6.,Fruits.2..Week.6.,Fruits.3..Week.6.,Ripe.Fruits.1..Week.6.,Ripe.Fruits.2..Week.6.,Ripe.Fruits.3..Week.6.,Initial.Growth.1..Week.7.,Initial.Growth.2..Week.7.,Initial.Growth.3..Week.7.,Leaves.1..Week.7.,Leaves.2..Week.7.,Leaves.3..Week.7.,Flower.1..Week.7.,Flower.2..Week.7.,Flower.3..Week.7.,Open.Flowers.1..Week.7.,Open.Flowers.2..Week.7.,Open.Flowers.3..Week.7.,Open.flowers.COUNT..Week.7.,Fruits.1..Week.7.,Fruits.2..Week.7.,Fruits.3..Week.7.,Ripe.Fruits.1..Week.7.,Ripe.Fruits.2..Week.7.,Ripe.Fruits.3..Week.7.,Initial.Growth.1..Week.8.,Initial.Growth.2..Week.8.,Initial.Growth.3..Week.8.,Leaves.1..Week.8.,Leaves.2..Week.8.,Leaves.3..Week.8.,Flower.1..Week.8.,Flower.2..Week.8.,Flower.3..Week.8.,Open.Flowers.1..Week.8.,Open.Flowers.2..Week.8.,Open.Flowers.3..Week.8.,Open.flowers.COUNT..Week.8.,Fruits.1..Week.8.,Fruits.2..Week.8.,Fruits.3..Week.8.,Ripe.Fruits.1..Week.8.,Ripe.Fruits.2..Week.8.,Ripe.Fruits.3..Week.8.,Initial.Growth.1..Week.9.,Initial.Growth.2..Week.9.,Initial.Growth.3..Week.9.,Leaves.1..Week.9.,Leaves.2..Week.9.,Leaves.3..Week.9.,Flower.1..Week.9..,Flower.2..Week.9.,Flower.3..Week.9.,Open.Flowers.1..Week.9.,Open.Flowers.2..Week.9.,Open.Flowers.3..Week.9.,Open.flowers.COUNT..Week.9.,Fruits.1..Week.9.,Fruits.2..Week.9.,Fruits.3..Week.9.,Ripe.Fruits.1..Week.9.,Ripe.Fruits.2..Week.9.,Ripe.Fruits.3..Week.9.,Initial.Growth.1..Week.10.,Initial.Growth.2..Week.10.,Initial.Growth.3..Week.10.,Leaves.1..Week.10.,Leaves.2..Week.10.,Leaves.3..Week.10.,Flower.1..Week.10.,Flower.2..Week.10.,Flower.3..Week.10.,Open.Flowers.1..Week.10.,Open.Flowers.2..Week.10.,Open.Flowers.3..Week.10.,Open.flowers.COUNT..Week.10.,Fruits.1..Week.10.,Fruits.2..Week.10.,Fruits.3..Week.10.,Ripe.Fruits.1..Week.10.,Ripe.Fruits.2..Week.10.,Ripe.Fruits.3..Week.10.,Ring.1,Plot,Species.1,Week1InitialGrowth,Week2InitialGrowth,Week3nitialGrowth,Week4InitialGrowth,Week5InitialGrowth,Week6InitialGrowth,Week7InitialGrowth,Week8InitialGrowth,Week9nitialGrowth,Week10InitialGrowth,FirstInitialGrowth,Week1Leaves,Week2Leaves,Week3Leaves,Week4Leaves,Week5Leaves,Week6Leaves,Week7Leaves,Week8Leaves,Week9Leaves,Week10Leaves,FirstLeaves,Week1Flower,Week2Flower,Week3Flower,Week4Flower,Week5Flower,Week6Flower,Week7Flower,Week8Flower,Week9Flower,Week10Flower,FirstFlower,Week1OpenFlower,Week2OpenFlower,Week3OpenFlower,Week4OpenFlower,Week5OpenFlower,Week6OpenFlower,Week7OpenFlower,Week8OpenFlower,Week9OpenFlower,Week10OpenFlower,FirstOpenFlower,Week1Fruit,Week2Fruit,Week3Fruit,Week4Fruit,Week5Fruit,Week6Fruit,Week7Fruit,Week8Fruit,Week9Fruit,Week10Fruit,FirstFruit,Week1RipeFruit,Week2RipeFruit,Week3RipeFruit,Week4RipeFruit,Week5RipeFruit,Week6RipeFruit,Week7RipeFruit,Week8RipeFruit,Week9RipeFruit,Week10RipeFruit,FirstRipeFruit
67,69.45386693816992,104.927,37.544,80.61714580936237,99.4875,32.0125,0.6722010597710901,4.2383,0.007,1,2,16,agrre,0,0,0,0,0,0,0,0,0,0,0,0,5,0,0,0,0,0,0,0,0,0,0,0,0,0,0,0,0,0,0,0,0,0,0,0,0,0,0,0,0,0,0,0,0,0,0,0,0,0,0,0,0,0,0,0,0,0,0,0,0,0,0,0,0,0,0,0,0,0,0,0,0,0,0,0,0,0,0,0,0,0,0,0,0,0,0,0,0,0,0,0,0,0,0,0,0,0,0,0,0,0,0,0,0,0,0,0,0,0,0,0,0,0,0,0,0,0,0,0,0,0,0,0,0,0,0,0,0,0,0,0,0,0,0,0,0,0,0,0,0,0,0,0,0,30,0,0,0,0,0,0,0,0,0,0,0,0,0,0,0,0,0,0,3,0,0,0,0,0,0,0,0,0,0,0,0,0,0,0,0,0,0,59,0,0,0,0,0,0,2,67,agrre,0,0,0,0,0,0,0,0,0,0,NA,0,0,0,0,0,0,0,0,0,0,NA,0,0,0,0,0,0,0,0,0,0,NA,0,0,0,0,0,0,0,0,0,0,NA,0,0,0,0,0,0,0,0,0,0,NA,0,0,0,0,0,0,0,0,0,0,NA
67,69.45386693816992,104.927,37.544,80.61714580936237,99.4875,32.0125,0.6722010597710901,4.2383,0.007,2,2,16,andge,1,1,0,1,1,0,0,0,0,0,0,0,5,0,0,0,0,0,0,1,1,1,1,1,1,0,0,0,0,0,0,0,0,0,0,0,0,0,1,1,1,1,1,1,0,0,0,0,0,0,0,0,0,0,0,0,0,0,0,0,1,1,1,1,1,1,0,0,0,0,0,0,0,0,0,0,0,0,0,1,1,1,1,1,1,0,0,0,1,0,0,0,0,0,0,0,0,0,1,1,1,1,1,1,1,1,1,64,0,0,0,0,0,0,0,0,0,1,1,1,0,1,0,0,1,0,1,1,1,1,0,0,0,0,0,0,1,1,1,1,1,1,1,1,1,30,1,1,1,1,0,1,0,0,0,1,1,1,0,1,1,0,1,1,3,1,0,0,1,1,1,0,0,0,1,1,1,0,0,0,0,0,0,59,0,0,0,1,1,1,2,67,andge,1,1,1,0,0,0,0,0,0,0,1,1,1,1,1,1,1,1,1,1,1,1,0,0,0,1,1,1,1,1,1,0,4,0,0,0,0,0,1,1,1,1,0,6,0,0,0,0,0,0,1,1,1,0,7,0,0,0,0,0,0,0,1,1,1,8
67,69.45386693816992,104.927,37.544,80.61714580936237,99.4875,32.0125,0.6722010597710901,4.2383,0.007,3,2,16,broin,0,0,0,0,0,0,0,0,0,0,0,0,5,0,0,0,0,0,0,0,0,0,0,0,0,0,0,0,0,0,0,0,0,0,0,0,0,0,0,0,0,0,0,0,0,0,0,0,0,0,0,0,0,0,0,0,0,0,0,0,0,0,0,0,0,0,0,0,0,0,0,0,0,0,0,0,0,0,0,0,0,0,0,0,0,0,0,0,0,0,0,0,0,0,0,0,0,0,0,0,0,0,0,0,0,0,0,0,0,0,0,0,0,0,0,0,0,0,0,0,0,0,0,0,0,0,0,0,0,0,0,0,0,0,0,0,0,0,0,0,0,0,0,0,0,30,0,0,0,0,0,0,0,0,0,0,0,0,0,0,0,0,0,0,3,0,0,0,0,0,0,0,0,0,0,0,0,0,0,0,0,0,0,59,0,0,0,0,0,0,2,67,broin,0,0,0,0,0,0,0,0,0,0,NA,0,0,0,0,0,0,0,0,0,0,NA,0,0,0,0,0,0,0,0,0,0,NA,0,0,0,0,0,0,0,0,0,0,NA,0,0,0,0,0,0,0,0,0,0,NA,0,0,0,0,0,0,0,0,0,0,NA
67,69.45386693816992,104.927,37.544,80.61714580936237,99.4875,32.0125,0.6722010597710901,4.2383,0.007,4,2,16,lesca,1,1,0,1,1,0,1,0,0,0,0,0,5,1,1,0,0,0,0,1,1,0,1,1,0,0,0,0,0,0,0,0,0,0,0,0,0,0,0,0,0,1,1,0,0,0,0,0,0,0,0,0,0,0,0,0,0,1,0,0,1,1,0,0,1,0,0,0,0,0,0,0,0,0,0,0,0,0,0,1,1,0,0,0,0,0,0,0,0,0,0,0,0,0,0,0,0,0,1,1,0,0,0,0,0,0,0,0,0,0,0,0,0,0,0,0,0,1,1,0,0,0,0,0,0,0,0,0,0,0,0,0,0,0,0,0,1,1,0,0,0,0,0,0,0,30,0,0,0,0,0,0,0,0,0,1,1,0,0,0,0,0,0,0,3,0,0,0,0,0,0,0,0,0,1,0,0,0,0,0,0,0,0,59,0,0,0,0,0,0,2,67,lesca,1,1,1,1,0,0,0,0,0,0,1,1,1,1,1,1,1,1,1,1,1,1,1,0,0,1,0,0,0,0,0,0,1,0,0,0,0,0,0,0,0,0,0,NA,1,0,0,0,0,0,0,0,0,0,1,0,0,0,0,0,0,0,0,0,0,NA
67,69.45386693816992,104.927,37.544,80.61714580936237,99.4875,32.0125,0.6722010597710901,4.2383,0.007,5,2,16,luppe,1,1,0,1,1,1,0,0,1,0,0,1,5,1,0,1,0,0,0,1,1,1,1,1,1,0,0,0,0,0,0,0,0,1,1,0,0,0,1,0,0,1,1,1,0,0,0,0,0,0,0,0,1,1,0,0,1,0,0,1,1,1,1,0,0,0,0,0,0,0,0,0,1,0,1,1,0,0,0,1,1,0,0,0,0,0,0,0,0,0,0,0,0,0,1,0,0,0,0,0,0,0,0,0,0,0,0,0,0,0,0,0,0,1,0,0,0,0,0,0,0,0,0,0,0,0,0,0,0,0,0,0,1,0,0,0,0,0,0,0,0,0,0,0,0,30,0,0,0,0,0,0,0,0,0,0,0,0,0,0,0,0,0,0,3,0,0,0,0,0,1,0,0,0,0,0,0,0,0,0,0,0,0,59,0,0,0,0,0,1,2,67,luppe,1,1,1,1,0,0,0,0,0,0,1,1,1,1,1,1,0,0,0,0,0,1,1,0,0,0,0,0,0,0,0,0,1,1,0,0,0,0,0,0,0,0,0,1,1,1,1,1,0,0,0,0,0,0,1,0,0,1,1,1,1,1,0,1,1,3
67,69.45386693816992,104.927,37.544,80.61714580936237,99.4875,32.0125,0.6722010597710901,4.2383,0.007,6,2,16,poapr,1,1,0,1,1,1,0,0,0,0,0,0,5,0,0,1,0,0,0,1,1,1,1,1,1,0,0,0,0,0,0,0,0,0,0,0,0,0,1,1,1,1,1,1,0,0,0,0,0,0,0,0,0,1,0,0,0,0,0,0,1,1,1,0,0,0,0,0,0,0,0,0,0,0,0,1,0,0,0,0,1,1,0,0,0,0,0,0,0,0,0,0,0,0,0,0,0,0,1,1,1,0,0,0,0,0,0,0,0,0,0,0,0,1,0,0,0,1,1,1,0,0,0,0,0,0,0,0,0,0,0,0,0,0,0,0,1,1,1,0,0,0,0,0,0,30,0,0,0,0,0,0,0,0,0,1,1,1,0,0,0,0,0,0,3,0,0,0,0,0,0,0,0,0,1,1,1,0,0,0,0,0,0,59,0,0,0,0,0,0,2,67,poapr,1,1,1,0,0,0,0,0,0,0,1,1,1,1,1,1,1,1,1,1,1,1,0,0,0,0,0,0,0,0,0,0,NA,0,0,0,0,0,0,0,0,0,0,NA,1,0,1,0,0,0,0,0,0,0,1,0,0,0,1,0,1,0,0,0,0,4
67,69.45386693816992,104.927,37.544,80.61714580936237,99.4875,32.0125,0.6722010597710901,4.2383,0.007,7,2,16,schsc,0,0,0,0,0,0,0,0,0,0,0,0,5,0,0,0,0,0,0,0,0,0,0,0,0,0,0,0,0,0,0,0,0,0,0,0,0,0,0,0,0,0,0,0,0,0,0,0,0,0,0,0,0,0,0,0,0,0,0,0,0,0,0,0,0,0,0,0,0,0,0,0,0,0,0,0,0,0,0,0,0,0,0,0,0,0,0,0,0,0,0,0,0,0,0,0,0,0,0,0,0,0,0,0,0,0,0,0,0,0,0,0,0,0,0,0,0,0,0,0,0,0,0,0,0,0,0,0,0,0,0,0,0,0,0,0,0,0,0,0,0,0,0,0,0,30,0,0,0,0,0,0,0,0,0,0,0,0,0,0,0,0,0,0,3,0,0,0,0,0,0,0,0,0,0,0,0,0,0,0,0,0,0,59,0,0,0,0,0,0,2,67,schsc,0,0,0,0,0,0,0,0,0,0,NA,0,0,0,0,0,0,0,0,0,0,NA,0,0,0,0,0,0,0,0,0,0,NA,0,0,0,0,0,0,0,0,0,0,NA,0,0,0,0,0,0,0,0,0,0,NA,0,0,0,0,0,0,0,0,0,0,NA
67,69.45386693816992,104.927,37.544,80.61714580936237,99.4875,32.0125,0.6722010597710901,4.2383,0.007,8,2,16,solri,0,0,0,0,0,0,0,0,0,0,0,0,5,0,0,0,0,0,0,0,0,0,0,0,0,0,0,0,0,0,0,0,0,0,0,0,0,0,0,0,0,0,0,0,0,0,0,0,0,0,0,0,0,0,0,0,0,0,0,0,0,0,0,0,0,0,0,0,0,0,0,0,0,0,0,0,0,0,0,0,0,0,0,0,0,0,0,0,0,0,0,0,0,0,0,0,0,0,0,0,0,0,0,0,0,0,0,0,0,0,0,0,0,0,0,0,0,0,0,0,0,0,0,0,0,0,0,0,0,0,0,0,0,0,0,0,0,0,0,0,0,0,0,0,0,30,0,0,0,0,0,0,0,0,0,0,0,0,0,0,0,0,0,0,3,0,0,0,0,0,0,0,0,0,0,0,0,0,0,0,0,0,0,59,0,0,0,0,0,0,2,67,solri,0,0,0,0,0,0,0,0,0,0,NA,0,0,0,0,0,0,0,0,0,0,NA,0,0,0,0,0,0,0,0,0,0,NA,0,0,0,0,0,0,0,0,0,0,NA,0,0,0,0,0,0,0,0,0,0,NA,0,0,0,0,0,0,0,0,0,0,NA
69,70.29286511564544,102.479,36.4955,80.63058577036401,99.42,27.15,0.7201537700815367,4.0296,0.0078,9,2,16,agrre,0,0,0,0,0,0,0,0,0,0,0,0,18,0,0,0,0,0,0,0,1,1,1,1,1,0,0,0,0,0,0,8,0,0,0,0,0,0,0,0,0,1,0,1,0,0,0,0,0,0,11,0,0,0,0,0,0,0,0,0,0,0,1,0,0,0,0,0,0,1,0,0,0,0,0,0,0,0,0,0,0,1,0,0,0,0,0,0,0,0,0,0,0,0,0,0,0,0,0,1,0,0,0,0,0,0,0,0,0,0,0,0,0,0,0,0,0,0,0,0,0,0,0,0,0,0,0,0,0,0,0,0,0,0,0,0,0,0,0,0,0,0,0,0,0,30,0,0,0,0,0,0,0,0,0,0,0,0,0,0,0,0,0,0,0,0,0,0,0,0,0,0,0,0,0,0,0,0,0,0,0,0,0,32,0,0,0,0,0,0,2,69,agrre,0,1,1,0,0,0,0,0,0,0,2,0,1,1,1,1,1,0,0,0,0,2,0,0,0,0,0,0,0,0,0,0,NA,0,0,0,0,0,0,0,0,0,0,NA,0,0,0,0,0,0,0,0,0,0,NA,0,0,0,0,0,0,0,0,0,0,NA
69,70.29286511564544,102.479,36.4955,80.63058577036401,99.42,27.15,0.7201537700815367,4.0296,0.0078,10,2,16,andge,1,0,0,1,1,1,0,0,0,0,0,0,18,0,0,0,0,0,0,1,1,1,1,1,1,0,0,0,0,0,0,8,0,0,0,0,0,0,0,0,0,1,0,0,0,0,0,0,0,0,11,0,0,0,0,0,0,0,0,0,1,1,1,1,1,1,0,0,0,0,0,0,0,0,0,0,0,0,0,1,1,1,1,1,1,0,0,0,3,0,0,0,0,0,0,0,0,0,1,1,1,1,1,1,1,1,1,36,0,0,0,0,0,0,0,0,0,1,1,1,0,0,0,0,0,0,0,1,1,1,0,1,0,0,0,0,1,1,1,1,1,1,1,1,1,30,1,1,1,0,0,0,0,0,0,1,1,1,0,0,0,0,0,0,0,1,1,1,1,1,1,0,0,0,1,1,1,0,0,1,0,0,1,32,0,0,0,1,1,1,2,69,andge,1,1,1,0,0,0,0,0,0,0,1,1,1,1,1,1,1,1,1,1,1,1,0,0,0,1,1,1,0,1,0,1,4,0,0,0,0,0,1,0,1,0,1,6,0,0,0,0,0,0,1,1,1,0,7,0,0,0,0,0,0,1,0,1,1,7
69,70.29286511564544,102.479,36.4955,80.63058577036401,99.42,27.15,0.7201537700815367,4.0296,0.0078,11,2,16,broin,0,0,0,0,0,0,0,0,0,0,0,0,18,0,0,0,0,0,0,0,0,0,0,0,0,0,0,0,0,0,0,8,0,0,0,0,0,0,0,1,0,0,1,0,0,0,0,0,0,0,11,0,0,0,0,0,0,0,0,0,0,0,0,0,0,0,0,0,0,0,0,0,0,0,0,0,0,0,0,0,0,0,0,0,0,0,0,0,0,0,0,0,0,0,0,0,0,0,0,0,0,0,0,0,0,0,0,0,0,0,0,0,0,0,0,0,0,0,0,0,0,0,0,0,0,0,0,0,0,0,0,0,0,0,0,0,0,0,0,0,0,0,0,0,0,30,0,0,0,0,0,0,0,0,0,0,0,0,0,0,0,0,0,0,0,0,0,0,0,0,0,0,0,0,0,0,0,0,0,0,0,0,0,32,0,0,0,0,0,0,2,69,broin,0,0,1,0,0,0,0,0,0,0,3,0,0,1,0,0,0,0,0,0,0,3,0,0,0,0,0,0,0,0,0,0,NA,0,0,0,0,0,0,0,0,0,0,NA,0,0,0,0,0,0,0,0,0,0,NA,0,0,0,0,0,0,0,0,0,0,NA
69,70.29286511564544,102.479,36.4955,80.63058577036401,99.42,27.15,0.7201537700815367,4.0296,0.0078,12,2,16,lesca,0,0,0,0,0,0,0,0,0,0,0,0,18,0,0,0,0,0,0,0,0,0,0,0,0,0,0,0,0,0,0,8,0,0,0,0,0,0,0,0,0,0,0,0,0,0,0,0,0,0,11,0,0,0,0,0,0,0,0,0,1,0,1,1,0,0,0,0,0,0,0,0,0,0,0,0,0,0,0,1,0,0,1,0,0,0,0,0,0,0,0,0,0,0,0,0,0,0,1,0,1,1,0,0,0,0,0,0,0,0,0,0,0,0,0,0,0,1,0,1,1,0,0,0,0,0,0,0,0,0,0,0,0,0,0,0,0,0,1,0,0,0,0,0,0,30,0,0,0,0,0,0,0,0,0,0,0,0,0,0,0,0,0,0,0,0,0,0,0,0,0,0,0,0,1,1,1,0,0,0,0,0,0,32,0,0,0,0,0,0,2,69,lesca,0,0,1,0,0,0,0,0,0,0,3,0,0,0,1,1,1,1,1,0,1,4,0,0,0,1,1,1,1,0,0,0,4,0,0,0,0,0,0,0,0,0,0,NA,0,0,0,0,0,0,0,0,0,0,NA,0,0,0,0,0,0,0,0,0,0,NA
69,70.29286511564544,102.479,36.4955,80.63058577036401,99.42,27.15,0.7201537700815367,4.0296,0.0078,13,2,16,luppe,1,0,0,1,1,0,0,1,0,0,0,0,18,1,1,0,0,0,0,1,1,1,1,1,1,0,0,0,0,0,0,8,1,1,0,0,0,0,1,1,0,1,1,0,0,0,0,0,0,0,11,1,1,0,1,1,0,1,1,1,1,1,1,0,0,0,0,0,0,0,1,0,0,1,1,0,0,0,0,1,1,1,0,0,0,0,0,0,0,0,0,0,1,1,0,1,0,0,0,1,1,0,0,0,0,0,0,0,0,0,0,1,1,0,0,0,0,0,0,0,0,0,0,0,0,0,0,0,0,0,1,1,0,0,0,0,0,0,0,0,0,0,0,0,0,30,0,0,0,1,1,0,0,0,0,0,0,0,0,0,0,0,0,0,0,0,0,0,0,1,0,0,0,0,0,0,0,0,0,0,0,0,0,32,0,0,0,1,1,0,2,69,luppe,1,1,1,1,0,1,0,0,0,0,1,1,1,1,1,1,1,0,0,0,0,1,1,0,0,0,0,0,0,0,0,0,1,0,0,0,0,0,0,0,0,0,0,NA,1,1,1,1,0,0,0,0,0,0,1,0,0,1,1,1,1,1,1,1,1,3
69,70.29286511564544,102.479,36.4955,80.63058577036401,99.42,27.15,0.7201537700815367,4.0296,0.0078,14,2,16,poapr,1,1,0,1,1,1,1,0,0,0,0,0,18,0,0,0,0,0,0,0,0,1,1,1,1,0,0,0,0,0,0,8,0,0,0,0,0,0,1,1,1,1,1,1,0,0,0,0,0,0,11,0,0,0,0,0,0,0,0,0,1,1,1,0,0,0,0,0,0,0,0,0,0,0,1,0,0,0,0,1,1,1,0,0,0,0,0,0,0,0,0,0,0,0,0,0,0,0,1,1,1,0,0,0,0,0,0,0,0,0,0,0,0,0,0,0,0,1,1,1,0,0,0,0,0,0,0,0,0,0,0,0,0,0,0,0,1,1,1,0,0,0,0,0,0,30,0,0,0,0,0,0,0,0,0,1,1,1,0,0,0,0,0,0,0,0,0,0,0,0,0,0,0,0,1,1,1,0,0,0,0,0,0,32,0,0,0,0,0,0,2,69,poapr,1,1,1,0,0,0,0,0,0,0,1,1,1,1,1,1,1,1,1,1,1,1,1,0,0,0,0,0,0,0,0,0,1,0,0,0,0,0,0,0,0,0,0,NA,0,0,0,0,0,0,0,0,0,0,NA,0,0,0,1,0,0,0,0,0,0,4
69,70.29286511564544,102.479,36.4955,80.63058577036401,99.42,27.15,0.7201537700815367,4.0296,0.0078,15,2,16,schsc,0,0,0,0,0,0,0,0,0,0,0,0,18,0,0,0,0,0,0,0,0,0,0,0,0,0,0,0,0,0,0,8,0,0,0,0,0,0,0,0,0,0,0,0,0,0,0,0,0,0,11,0,0,0,0,0,0,0,0,0,0,0,0,0,0,0,0,0,0,0,0,0,0,0,0,0,0,0,0,0,0,0,0,0,0,0,0,0,0,0,0,0,0,0,0,0,0,0,0,0,1,0,0,0,0,0,0,0,0,0,0,0,0,0,0,0,0,0,0,1,0,0,1,0,0,0,0,0,0,0,0,0,0,0,0,0,0,0,1,0,0,1,0,0,0,30,0,0,0,0,0,0,0,0,0,0,0,0,0,0,0,0,0,0,0,0,0,0,0,0,0,0,0,0,0,0,1,0,0,1,0,0,0,32,0,0,0,0,0,0,2,69,schsc,0,0,1,0,0,0,0,0,0,0,3,0,0,0,0,0,1,1,1,0,1,6,0,0,0,0,0,0,1,1,0,1,7,0,0,0,0,0,0,0,0,0,0,NA,0,0,0,0,0,0,0,0,0,0,NA,0,0,0,0,0,0,0,0,0,0,NA
69,70.29286511564544,102.479,36.4955,80.63058577036401,99.42,27.15,0.7201537700815367,4.0296,0.0078,16,2,16,solri,0,0,0,0,0,0,0,0,0,0,0,0,18,0,0,0,0,0,0,0,0,0,0,0,0,0,0,0,0,0,0,8,0,0,0,0,0,0,0,0,0,NA,0,0,0,0,0,0,0,0,11,0,0,0,0,0,0,0,0,0,0,0,0,0,0,0,0,0,0,0,0,0,0,0,0,0,0,0,0,0,0,0,0,0,0,0,0,0,0,0,0,0,0,0,0,0,0,0,0,0,0,0,0,0,0,0,0,0,0,0,0,0,0,0,0,0,0,0,0,0,0,0,0,0,0,0,0,0,0,0,0,0,0,0,0,0,0,0,0,0,0,0,0,0,0,0,0,0,0,0,0,0,0,0,0,0,0,0,0,0,0,0,0,0,0,0,0,0,0,0,0,0,0,0,0,0,0,0,0,0,0,0,0,32,0,0,0,0,0,0,2,69,solri,0,0,0,0,0,0,0,0,0,0,NA,0,0,0,0,0,0,0,0,0,0,NA,0,0,0,0,0,0,0,0,0,0,NA,0,0,0,0,0,0,0,0,0,0,NA,0,0,0,0,0,0,0,0,0,0,NA,0,0,0,0,0,0,0,0,0,0,NA
70,71.80088648910507,115.9115,36.644,76.26094065076751,99.87,22.195,1.0311065308882454,7.5742,0.0018,17,2,1,andge,1,1,1,1,1,1,0,0,0,0,0,0,0,0,0,0,0,0,0,1,1,1,1,1,1,0,0,0,0,0,0,0,0,0,0,0,0,0,1,1,1,1,1,1,0,0,0,0,0,0,0,0,0,0,0,0,0,1,1,1,1,1,1,0,0,1,0,0,0,0,0,0,0,0,0,0,0,0,0,1,1,1,1,1,1,0,0,0,0,0,0,0,0,0,0,0,0,0,1,1,1,1,1,1,1,1,1,13,0,0,0,0,0,0,0,0,0,1,1,1,0,0,1,0,0,1,3,1,1,1,0,0,0,0,0,0,1,1,1,0,0,1,0,0,1,19,1,1,1,0,0,0,0,0,0,1,1,1,0,0,0,0,0,0,0,0,1,1,1,1,1,0,0,0,1,1,1,0,1,1,0,1,1,19,0,0,0,0,1,1,2,70,andge,1,1,1,1,0,0,0,0,0,0,1,1,1,1,1,1,1,1,1,1,1,1,0,0,0,1,1,1,1,1,0,1,4,0,0,0,0,0,1,1,1,0,1,6,0,0,0,0,0,0,1,1,1,0,7,0,0,0,0,0,0,0,0,1,1,9
83,70.81765629352282,108.842,39.3215,80.37502104232689,99.6125,29.085,0.7372863007892139,5.3406,0.0057,18,2,9,agrre,1,1,0,1,1,1,1,0,0,0,0,0,46,0,0,0,0,0,0,1,1,1,1,1,1,1,0,0,1,0,0,20,0,0,0,0,0,0,1,0,1,1,1,1,1,0,1,1,0,1,55,0,0,0,0,0,0,0,0,0,1,1,1,1,1,1,1,0,1,6,0,0,0,0,0,0,0,0,0,1,1,1,1,1,1,0,0,0,0,0,0,0,0,0,0,0,0,0,1,1,1,0,0,0,0,0,0,0,0,0,0,1,1,0,0,0,0,1,1,1,0,0,0,0,0,0,0,0,0,0,0,0,0,0,0,0,1,1,1,0,0,0,0,0,0,0,0,0,0,0,0,0,0,0,0,1,1,1,0,0,0,0,0,0,0,0,0,0,0,0,0,0,0,0,1,1,1,0,0,0,0,0,0,0,0,0,0,0,0,0,2,83,agrre,1,1,1,0,0,0,0,0,0,0,1,1,1,1,1,1,1,1,1,1,1,1,1,1,1,1,1,0,0,0,0,0,1,0,1,1,1,0,0,0,0,0,0,2,0,0,0,0,0,0,0,0,0,0,NA,0,0,0,0,0,1,0,0,0,0,6
83,70.81765629352282,108.842,39.3215,80.37502104232689,99.6125,29.085,0.7372863007892139,5.3406,0.0057,19,2,9,luppe,0,1,0,1,1,1,0,0,0,0,0,0,46,0,0,0,0,0,0,1,1,1,1,1,1,0,0,0,0,0,0,20,1,1,0,1,0,0,0,0,0,1,1,1,0,0,0,0,0,0,55,1,1,1,1,1,0,1,0,0,1,1,1,0,0,0,0,0,0,0,0,0,0,1,1,0,0,0,0,1,1,1,0,0,0,0,0,0,0,0,0,0,1,1,0,0,0,0,1,1,1,0,0,0,0,0,0,0,0,0,0,1,1,0,0,0,0,0,0,0,0,0,0,0,0,0,0,0,0,0,1,1,0,0,0,0,0,0,0,0,0,0,0,0,0,0,0,0,0,1,1,0,0,0,0,0,0,0,0,0,0,0,0,0,0,0,0,0,1,1,0,0,0,0,0,0,0,0,0,0,0,0,0,0,0,0,0,1,1,0,2,83,luppe,1,1,1,1,0,0,0,0,0,0,1,1,1,1,1,1,1,0,0,0,0,1,0,0,0,0,0,0,0,0,0,0,NA,0,0,0,0,0,0,0,0,0,0,NA,0,1,1,0,0,0,0,0,0,0,2,0,1,1,1,1,1,1,1,1,1,2
83,70.81765629352282,108.842,39.3215,80.37502104232689,99.6125,29.085,0.7372863007892139,5.3406,0.0057,20,2,9,schsc,1,0,0,1,0,1,0,0,0,0,0,0,46,0,0,0,0,0,0,0,0,0,0,0,0,0,0,0,0,0,0,20,0,0,0,0,0,0,0,0,0,0,0,0,0,0,0,0,0,0,55,0,0,0,0,0,0,0,0,0,1,1,0,0,0,0,0,0,0,0,0,0,0,0,0,0,0,0,0,0,1,0,0,0,0,0,0,0,0,0,0,0,0,0,0,0,0,0,1,1,0,0,0,0,0,0,0,0,0,0,0,0,0,0,0,0,0,1,1,0,0,0,0,0,0,0,0,0,0,0,0,0,0,0,0,0,1,1,0,0,1,0,0,0,0,0,0,0,0,0,0,0,0,0,0,1,1,0,1,1,0,0,0,0,0,0,0,0,0,0,0,0,0,0,1,1,0,0,1,1,0,0,0,0,0,0,0,0,0,0,2,83,schsc,1,0,1,0,0,0,0,0,0,0,1,1,0,0,1,1,1,1,1,1,1,1,0,0,0,0,0,0,0,1,1,1,8,0,0,0,0,0,0,0,0,0,0,NA,0,0,0,0,0,0,0,0,0,0,NA,0,0,0,0,0,0,0,0,0,0,NA
100,71.43168211589696,114.5075,37.607,77.57079333521716,99.9425,23.865,0.9596497214597128,6.8382,8e-4,21,2,1,luppe,1,1,1,1,1,1,0,0,1,0,0,0,0,1,1,1,0,0,0,1,1,1,1,1,1,0,0,0,0,0,0,0,1,1,1,0,0,0,1,1,1,1,1,1,0,0,0,0,0,0,0,1,1,1,1,1,1,1,1,1,1,1,1,0,0,0,0,0,0,0,0,0,0,1,1,1,0,0,0,0,0,0,0,0,0,0,0,0,0,0,0,0,0,0,0,0,0,0,1,1,1,0,0,0,0,0,0,0,0,0,0,1,1,1,0,0,0,0,1,0,0,0,0,0,0,0,0,0,0,0,1,1,1,0,0,0,0,1,0,0,0,0,0,0,0,0,0,0,0,1,1,1,0,0,0,1,0,0,0,0,0,0,0,0,0,0,0,0,1,1,1,0,0,0,1,0,0,0,0,0,0,0,0,0,0,0,0,1,1,1,2,100,luppe,1,1,1,1,0,0,0,0,0,0,1,1,1,1,1,0,1,1,1,1,1,1,1,0,0,0,0,0,0,0,0,0,1,0,0,0,0,0,0,0,0,0,0,NA,1,1,1,0,0,0,0,0,0,0,1,0,0,1,1,0,1,1,1,1,1,3
104,69.05799591855266,101.822,37.805,82.20865221427343,100,29.8275,0.6036810548195387,4.5438,0,22,2,16,agrre,0,0,0,0,0,0,0,0,0,0,0,0,19,0,0,0,0,0,0,0,0,0,0,0,0,0,0,0,0,0,0,13,0,0,0,0,0,0,0,0,0,0,0,0,0,0,0,0,0,0,10,0,0,0,0,0,0,0,0,0,0,0,0,0,0,0,0,0,0,0,0,0,0,0,0,0,0,0,0,0,0,1,0,0,0,0,0,0,0,0,0,0,0,0,0,0,0,0,0,0,0,0,0,0,0,0,0,0,0,0,0,0,0,0,0,0,0,0,0,0,0,0,0,0,0,0,0,0,0,0,0,0,0,0,0,0,0,0,0,0,0,0,0,0,0,37,0,0,0,0,0,0,0,0,0,0,0,0,0,0,0,0,0,0,11,0,0,0,0,0,0,0,0,0,0,0,0,0,0,0,0,0,0,15,0,0,0,0,0,0,2,104,agrre,0,0,1,0,0,0,0,0,0,0,3,0,0,0,0,1,0,0,0,0,0,5,0,0,0,0,0,0,0,0,0,0,NA,0,0,0,0,0,0,0,0,0,0,NA,0,0,0,0,0,0,0,0,0,0,NA,0,0,0,0,0,0,0,0,0,0,NA
104,69.05799591855266,101.822,37.805,82.20865221427343,100,29.8275,0.6036810548195387,4.5438,0,23,2,16,andge,1,1,1,1,1,1,0,0,0,0,0,0,19,0,0,0,0,0,0,1,1,1,1,1,1,0,0,0,0,0,0,13,0,0,0,0,0,0,1,1,1,1,1,1,0,0,0,0,0,0,10,0,0,0,0,0,0,0,0,0,1,1,1,1,1,1,0,0,0,0,0,0,0,0,0,0,0,0,0,1,1,1,1,1,1,0,0,0,4,0,0,0,0,0,0,0,0,0,1,1,1,1,1,1,1,1,1,123,0,0,0,0,0,0,0,0,0,1,1,1,0,0,0,0,0,0,2,1,1,1,0,0,0,0,0,0,1,1,1,0,0,1,0,0,1,37,1,1,1,1,1,1,0,0,0,1,1,1,0,0,0,0,0,0,11,1,1,1,1,1,1,0,0,0,1,1,1,1,1,0,1,1,0,15,0,0,0,1,1,1,2,104,andge,1,1,1,0,0,0,0,0,0,0,1,1,1,1,1,1,1,1,1,1,1,1,0,0,0,1,1,1,0,1,0,1,4,0,0,0,0,0,1,0,1,0,1,6,0,0,0,0,0,0,1,1,1,0,7,0,0,0,0,0,0,0,1,1,1,8
104,69.05799591855266,101.822,37.805,82.20865221427343,100,29.8275,0.6036810548195387,4.5438,0,24,2,16,broin,0,0,0,0,0,0,0,0,0,0,0,0,19,0,0,0,0,0,0,0,0,0,0,0,0,0,0,0,0,0,0,13,0,0,0,0,0,0,0,0,0,0,0,0,0,0,0,0,0,0,10,0,0,0,0,0,0,0,0,0,0,0,0,0,0,0,0,0,0,0,0,0,0,0,0,0,0,0,0,0,0,0,0,0,0,0,0,0,0,0,0,0,0,0,0,0,0,0,0,0,0,0,0,0,0,0,0,0,0,0,0,0,0,0,0,0,0,0,0,0,0,0,0,0,0,0,0,0,0,0,0,0,0,0,0,0,0,0,0,0,0,0,0,0,0,37,0,0,0,0,0,0,0,0,0,0,0,0,0,0,0,0,0,0,11,0,0,0,0,0,0,0,0,0,0,0,0,0,0,0,0,0,0,15,0,0,0,0,0,0,2,104,broin,0,0,0,0,0,0,0,0,0,0,NA,0,0,0,0,0,0,0,0,0,0,NA,0,0,0,0,0,0,0,0,0,0,NA,0,0,0,0,0,0,0,0,0,0,NA,0,0,0,0,0,0,0,0,0,0,NA,0,0,0,0,0,0,0,0,0,0,NA
104,69.05799591855266,101.822,37.805,82.20865221427343,100,29.8275,0.6036810548195387,4.5438,0,25,2,16,lesca,0,0,0,0,0,0,0,0,0,0,0,0,19,0,0,0,0,0,0,0,0,0,0,0,0,0,0,0,0,0,0,13,0,0,0,0,0,0,0,0,0,0,0,0,0,0,0,0,0,0,10,0,0,0,0,0,0,0,0,0,0,0,0,0,0,0,0,0,0,0,0,0,0,0,0,0,0,0,0,0,0,0,0,0,0,0,0,0,0,0,0,0,0,0,0,0,0,0,0,0,0,0,0,0,0,0,0,0,0,0,0,0,0,0,0,0,0,0,0,0,0,0,0,0,0,0,0,0,0,0,0,0,0,0,0,0,0,0,0,0,0,0,0,0,0,37,0,0,0,0,0,0,0,0,0,0,0,0,0,0,0,0,0,0,11,0,0,0,0,0,0,0,0,0,0,0,0,0,0,0,0,0,0,15,0,0,0,0,0,0,2,104,lesca,0,0,0,0,0,0,0,0,0,0,NA,0,0,0,0,0,0,0,0,0,0,NA,0,0,0,0,0,0,0,0,0,0,NA,0,0,0,0,0,0,0,0,0,0,NA,0,0,0,0,0,0,0,0,0,0,NA,0,0,0,0,0,0,0,0,0,0,NA
104,69.05799591855266,101.822,37.805,82.20865221427343,100,29.8275,0.6036810548195387,4.5438,0,26,2,16,luppe,1,1,1,1,1,1,0,0,0,1,0,0,19,1,1,1,0,0,0,1,1,1,1,1,1,0,0,0,0,0,0,13,1,1,1,0,0,0,0,1,0,1,1,1,0,0,0,0,0,0,10,1,1,1,1,1,1,0,1,0,1,1,1,0,0,0,0,0,0,0,1,1,0,1,1,1,0,0,0,0,0,1,0,0,0,0,0,0,0,0,0,0,1,1,1,0,0,0,0,0,0,0,0,0,0,0,0,0,0,0,0,1,1,1,0,0,0,0,1,0,0,0,0,0,0,0,0,0,0,0,1,1,1,0,0,0,0,0,0,0,0,0,0,0,0,37,0,0,0,0,1,1,0,0,0,0,0,0,0,0,0,0,0,0,11,0,0,0,1,1,1,0,0,0,0,1,0,0,0,0,0,0,0,15,0,0,0,1,1,1,2,104,luppe,1,1,1,1,0,0,0,0,0,0,1,1,1,1,1,1,0,1,0,0,1,1,0,0,0,0,0,0,0,0,0,0,NA,1,0,0,0,0,0,0,0,0,0,1,1,1,1,1,0,0,0,0,0,0,1,0,0,1,1,1,1,1,1,1,1,3
104,69.05799591855266,101.822,37.805,82.20865221427343,100,29.8275,0.6036810548195387,4.5438,0,27,2,16,poapr,1,1,1,1,1,1,0,0,0,0,0,0,19,1,0,0,0,0,0,1,1,1,1,1,1,0,0,0,0,0,0,13,0,0,0,1,0,0,1,1,1,1,1,1,0,0,0,0,0,0,10,1,1,0,0,0,0,0,0,0,1,1,1,0,0,0,0,0,0,0,0,0,0,0,0,0,0,0,0,1,1,1,0,0,0,0,0,0,0,0,0,0,0,0,0,0,0,0,1,1,1,0,0,0,0,0,0,0,0,0,0,0,0,0,0,0,0,1,1,1,0,0,0,0,0,0,0,0,0,0,0,0,0,0,0,0,1,1,1,0,0,0,0,0,0,37,0,0,0,0,0,0,0,0,0,1,1,1,0,0,0,0,0,0,11,0,0,0,0,0,0,0,0,0,1,1,1,0,0,0,0,0,0,15,0,0,0,0,0,0,2,104,poapr,1,1,1,0,0,0,0,0,0,0,1,1,1,1,1,1,1,1,1,1,1,1,0,0,0,0,0,0,0,0,0,0,NA,0,0,0,0,0,0,0,0,0,0,NA,1,0,1,0,0,0,0,0,0,0,1,0,1,0,0,0,0,0,0,0,0,2
104,69.05799591855266,101.822,37.805,82.20865221427343,100,29.8275,0.6036810548195387,4.5438,0,28,2,16,schsc,0,0,0,0,0,0,0,0,0,0,0,0,19,0,0,0,0,0,0,0,0,0,0,0,0,0,0,0,0,0,0,13,0,0,0,0,0,0,0,0,0,0,0,0,0,0,0,0,0,0,10,0,0,0,0,0,0,0,0,0,0,1,0,0,0,0,0,0,0,0,0,0,0,0,0,0,0,0,0,0,0,0,0,0,0,0,0,0,0,0,0,0,0,0,0,0,0,0,0,0,0,0,0,0,0,0,0,0,0,0,0,0,0,0,0,0,0,0,0,0,0,0,0,0,0,0,0,0,0,0,0,0,0,0,0,0,0,1,1,0,1,1,0,0,0,37,0,0,0,0,0,0,0,0,0,0,0,0,0,0,0,0,0,0,11,0,0,0,0,0,0,0,0,0,0,0,0,0,0,0,0,0,0,15,0,0,0,0,0,0,2,104,schsc,0,0,1,0,0,0,0,0,0,0,3,0,0,0,1,0,0,0,1,0,0,4,0,0,0,0,0,0,0,1,0,0,8,0,0,0,0,0,0,0,0,0,0,NA,0,0,0,0,0,0,0,0,0,0,NA,0,0,0,0,0,0,0,0,0,0,NA
104,69.05799591855266,101.822,37.805,82.20865221427343,100,29.8275,0.6036810548195387,4.5438,0,29,2,16,solri,0,0,0,0,0,0,0,0,0,0,0,0,19,0,0,0,0,0,0,0,0,0,0,0,0,0,0,0,0,0,0,13,0,0,0,0,0,0,0,0,0,0,0,0,0,0,0,0,0,0,10,0,0,0,0,0,0,0,0,0,0,0,0,0,0,0,0,0,0,0,0,0,0,0,0,0,0,0,0,0,0,0,0,0,0,0,0,0,0,0,0,0,0,0,0,0,0,0,0,0,0,0,0,0,0,0,0,0,0,0,0,0,0,0,0,0,0,0,0,0,0,0,0,0,0,0,0,0,0,0,0,0,0,0,0,0,0,0,0,0,0,0,0,0,0,37,0,0,0,0,0,0,0,0,0,0,0,0,0,0,0,0,0,0,11,0,0,0,0,0,0,0,0,0,0,0,0,0,0,0,0,0,0,15,0,0,0,0,0,0,2,104,solri,0,0,0,0,0,0,0,0,0,0,NA,0,0,0,0,0,0,0,0,0,0,NA,0,0,0,0,0,0,0,0,0,0,NA,0,0,0,0,0,0,0,0,0,0,NA,0,0,0,0,0,0,0,0,0,0,NA,0,0,0,0,0,0,0,0,0,0,NA
106,68.61754973811423,98.6315,38.345,83.58395192705537,100,31.26,0.531358858,3.4789,0,30,2,9,agrre,0,0,0,0,0,0,0,0,0,0,0,0,11,0,0,0,0,0,0,0,0,1,0,0,1,0,0,0,0,0,0,4,0,0,0,0,0,0,0,0,1,0,0,1,0,0,0,0,0,0,2,0,0,0,0,0,0,0,0,0,0,0,0,0,0,0,0,0,0,0,0,0,0,0,0,0,0,0,0,0,0,0,0,0,0,0,0,0,0,0,0,0,0,0,0,0,0,0,0,0,1,0,0,0,0,0,0,0,0,0,0,0,0,0,0,0,0,0,0,1,0,0,0,0,0,0,0,0,0,0,0,0,0,0,0,0,0,0,1,0,0,0,0,0,0,35,0,0,0,0,0,0,0,0,0,0,0,1,0,0,0,0,0,0,0,0,0,0,0,0,0,0,0,0,0,0,1,0,0,0,0,0,0,17,0,0,0,0,0,0,2,106,agrre,0,1,1,0,0,0,0,0,0,0,2,0,1,1,0,0,1,1,1,1,1,2,0,0,0,0,0,0,0,0,0,0,NA,0,0,0,0,0,0,0,0,0,0,NA,0,0,0,0,0,0,0,0,0,0,NA,0,0,0,0,0,0,0,0,0,0,NA
106,68.61754973811423,98.6315,38.345,83.58395192705537,100,31.26,0.531358858,3.4789,0,31,2,9,andge,1,0,1,1,1,1,0,0,0,0,0,0,11,0,0,0,0,0,0,1,1,1,1,1,1,0,0,0,0,0,0,4,0,0,0,0,0,0,1,1,1,1,1,1,0,0,0,0,0,0,2,0,0,0,0,0,0,0,0,0,1,1,1,1,1,1,0,0,0,0,0,0,0,0,0,0,0,0,0,1,1,1,0,1,1,0,0,0,0,0,0,0,0,0,0,0,0,0,1,1,1,1,1,1,1,1,1,47,1,0,0,0,0,0,0,0,0,1,1,1,0,0,0,0,0,0,3,1,1,1,1,1,0,0,0,0,1,1,1,1,1,0,1,1,0,35,1,1,1,0,1,1,0,0,0,1,1,1,0,0,0,0,0,0,0,1,1,0,1,1,1,0,0,0,1,1,1,0,1,1,0,1,1,17,0,0,0,1,1,1,2,106,andge,1,1,1,0,0,0,0,0,0,0,1,1,1,1,1,1,1,1,1,1,1,1,0,0,0,1,1,1,0,1,0,1,4,0,0,0,0,0,1,0,1,0,1,6,0,0,0,0,0,1,1,1,1,0,6,0,0,0,0,0,0,1,1,1,1,7
106,68.61754973811423,98.6315,38.345,83.58395192705537,100,31.26,0.531358858,3.4789,0,32,2,9,luppe,1,0,1,1,1,0,0,0,0,0,0,1,11,0,1,0,0,0,0,1,1,1,1,1,1,0,0,0,0,0,0,4,0,1,1,0,0,0,1,0,0,1,1,1,0,0,0,0,0,0,2,1,0,1,0,1,1,0,0,1,1,1,1,0,0,0,0,0,0,0,0,0,0,0,0,0,0,0,0,1,0,1,0,0,0,0,0,0,0,0,0,0,0,1,1,0,0,0,1,1,1,0,0,0,0,0,0,0,0,0,0,0,1,1,0,0,0,1,0,0,0,0,0,0,0,0,0,0,0,0,0,1,1,0,0,0,1,0,0,0,0,0,0,0,0,35,0,0,0,0,1,1,0,0,0,1,0,0,0,0,0,0,0,0,0,0,0,0,0,1,1,0,0,0,1,1,1,0,0,0,0,0,0,17,0,0,0,1,1,0,2,106,luppe,1,1,1,1,0,0,0,0,0,0,1,1,1,1,1,1,1,1,1,1,1,1,0,0,0,0,0,0,0,0,0,0,NA,1,0,0,0,0,0,0,0,0,0,1,1,1,1,0,0,0,0,0,0,0,1,0,0,1,0,1,1,1,1,1,1,3
106,68.61754973811423,98.6315,38.345,83.58395192705537,100,31.26,0.531358858,3.4789,0,33,2,9,poapr,1,1,0,1,1,1,0,0,0,0,0,0,11,1,1,1,0,0,0,1,1,0,1,1,0,0,0,0,0,0,0,4,0,1,0,0,0,0,1,1,1,1,1,1,0,0,0,0,0,0,2,1,0,0,0,0,0,0,0,0,1,1,1,0,0,0,0,0,0,0,1,0,0,0,0,1,0,0,0,1,1,1,0,0,0,0,0,0,0,0,0,0,1,0,0,0,0,0,1,1,1,0,0,0,0,0,0,0,0,0,0,0,0,0,0,0,0,1,1,1,0,0,0,0,0,0,0,0,0,0,0,0,0,0,0,0,1,1,1,0,0,0,0,0,0,35,0,0,0,0,0,0,0,0,0,1,1,1,0,0,0,0,0,0,0,0,0,0,0,0,0,0,0,0,1,1,1,0,0,0,0,0,0,17,0,0,0,0,0,0,2,106,poapr,1,1,1,0,0,0,0,0,0,0,1,1,1,1,1,1,1,1,1,1,1,1,0,0,0,0,0,0,0,0,0,0,NA,0,0,0,0,0,0,0,0,0,0,NA,1,1,1,1,0,0,0,0,0,0,1,0,0,0,1,1,0,0,0,0,0,4
106,68.61754973811423,98.6315,38.345,83.58395192705537,100,31.26,0.531358858,3.4789,0,34,2,9,schsc,1,0,0,1,0,0,0,0,0,0,0,0,11,0,0,0,0,0,0,0,0,1,0,0,1,0,0,0,0,0,0,4,0,0,0,0,0,0,0,0,1,0,0,1,0,0,0,0,0,0,2,0,0,0,0,0,0,0,0,0,0,0,1,0,0,0,0,0,0,0,0,0,0,0,0,0,0,0,0,1,0,1,0,0,0,0,0,0,0,0,0,0,0,0,0,0,0,0,1,0,1,0,0,0,0,0,0,0,0,0,0,0,0,0,0,0,0,1,0,1,0,0,1,0,0,0,0,0,0,0,0,0,0,0,0,0,1,0,1,1,0,1,0,0,0,35,0,0,0,0,0,0,0,0,0,1,0,0,0,0,1,0,0,0,0,0,0,0,0,0,0,0,0,0,0,0,0,0,0,0,0,0,0,17,0,0,0,0,0,0,2,106,schsc,1,1,1,0,0,0,0,0,0,0,1,1,1,1,1,1,1,1,1,1,0,1,0,0,0,0,0,0,1,1,1,0,7,0,0,0,0,0,0,0,0,0,0,NA,0,0,0,0,0,0,0,0,0,0,NA,0,0,0,0,0,0,0,0,0,0,NA
106,68.61754973811423,98.6315,38.345,83.58395192705537,100,31.26,0.531358858,3.4789,0,35,2,9,solri,0,0,0,0,0,0,0,0,0,0,0,0,11,0,0,0,0,0,0,0,0,0,0,0,0,0,0,0,0,0,0,4,0,0,0,0,0,0,0,0,0,0,0,0,0,0,0,0,0,0,2,0,0,0,0,0,0,0,0,0,0,0,0,0,0,0,0,0,0,0,0,0,0,0,0,0,0,0,0,0,0,0,0,0,0,0,0,0,0,0,0,0,0,0,0,0,0,0,0,0,0,0,0,0,0,0,0,0,0,0,0,0,0,0,0,0,0,0,0,0,0,0,0,0,0,0,0,0,0,0,0,0,0,0,0,0,0,0,0,0,0,0,0,0,0,35,0,0,0,0,0,0,0,0,0,0,0,0,0,0,0,0,0,0,0,0,0,0,0,0,0,0,0,0,0,0,0,0,0,0,0,0,0,17,0,0,0,0,0,0,2,106,solri,0,0,0,0,0,0,0,0,0,0,NA,0,0,0,0,0,0,0,0,0,0,NA,0,0,0,0,0,0,0,0,0,0,NA,0,0,0,0,0,0,0,0,0,0,NA,0,0,0,0,0,0,0,0,0,0,NA,0,0,0,0,0,0,0,0,0,0,NA
107,69.07235372426321,97.6955,38.1695,82.58433821154622,100,30.83,0.5962390956802585,3.6998,0,36,2,16,agrre,0,0,0,0,0,0,0,0,0,0,0,0,6,0,0,0,0,0,0,0,0,0,0,0,0,0,0,0,0,0,0,7,0,0,0,0,0,0,0,0,0,0,0,0,0,0,0,0,0,0,8,0,0,0,0,0,0,0,0,0,0,0,0,0,0,0,0,0,0,0,0,0,0,0,0,0,0,0,0,0,0,1,0,0,0,0,0,0,0,0,0,0,0,0,0,0,0,0,0,0,1,0,0,0,0,0,0,0,0,0,0,0,0,0,0,0,0,0,0,0,0,0,0,0,0,0,0,0,0,0,0,0,0,0,0,0,0,0,0,0,0,0,0,0,0,37,0,0,0,0,0,0,0,0,0,0,0,0,0,0,0,0,0,0,5,0,0,0,0,0,0,0,0,0,0,0,0,0,0,0,0,0,0,16,0,0,0,0,0,0,2,107,agrre,0,0,1,0,0,0,0,0,0,0,3,0,0,0,0,1,1,0,0,0,0,5,0,0,0,0,0,0,0,0,0,0,NA,0,0,0,0,0,0,0,0,0,0,NA,0,0,0,0,0,0,0,0,0,0,NA,0,0,0,0,0,0,0,0,0,0,NA
107,69.07235372426321,97.6955,38.1695,82.58433821154622,100,30.83,0.5962390956802585,3.6998,0,37,2,16,andge,1,1,0,1,1,0,0,0,0,0,0,0,6,0,0,0,0,0,0,1,1,1,1,1,1,0,0,0,0,0,0,7,0,0,0,0,0,0,1,1,1,1,1,1,0,0,0,0,0,0,8,0,0,0,0,0,0,0,0,0,1,1,1,1,1,1,0,0,0,0,0,0,0,0,0,0,0,0,0,1,1,1,1,1,1,0,0,1,6,0,0,0,0,0,0,0,0,0,1,1,1,1,1,1,1,1,1,60,0,0,0,0,0,0,0,0,0,1,1,1,0,0,0,0,0,0,0,1,1,1,0,0,0,0,0,0,1,1,1,0,0,1,0,0,1,37,1,1,1,1,1,0,0,0,0,1,1,1,1,0,0,0,0,0,5,1,0,0,1,1,1,0,0,0,1,1,1,1,1,0,1,1,0,16,0,0,1,1,1,1,2,107,andge,1,1,1,0,0,0,0,0,0,0,1,1,1,1,1,1,1,1,1,1,1,1,0,0,0,1,1,1,0,1,1,1,4,0,0,0,0,1,1,0,1,0,1,5,0,0,0,0,0,0,1,1,1,1,7,0,0,0,0,0,0,0,1,1,1,8
107,69.07235372426321,97.6955,38.1695,82.58433821154622,100,30.83,0.5962390956802585,3.6998,0,38,2,16,broin,0,0,0,0,0,0,0,0,0,0,0,0,6,0,0,0,0,0,0,0,0,0,0,0,0,0,0,0,0,0,0,7,0,0,0,0,0,0,0,0,0,0,0,0,0,0,0,0,0,0,8,0,0,0,0,0,0,0,0,0,0,0,0,0,0,0,0,0,0,0,0,0,0,0,0,0,0,0,0,0,0,0,0,0,0,0,0,0,0,0,0,0,0,0,0,0,0,0,0,0,0,0,0,0,0,0,0,0,0,0,0,0,0,0,0,0,0,0,0,0,0,0,0,0,0,0,0,0,0,0,0,0,0,0,0,0,0,0,0,0,0,0,0,0,0,37,0,0,0,0,0,0,0,0,0,0,0,0,0,0,0,0,0,0,5,0,0,0,0,0,0,0,0,0,0,0,0,0,0,0,0,0,0,16,0,0,0,0,0,0,2,107,broin,0,0,0,0,0,0,0,0,0,0,NA,0,0,0,0,0,0,0,0,0,0,NA,0,0,0,0,0,0,0,0,0,0,NA,0,0,0,0,0,0,0,0,0,0,NA,0,0,0,0,0,0,0,0,0,0,NA,0,0,0,0,0,0,0,0,0,0,NA
107,69.07235372426321,97.6955,38.1695,82.58433821154622,100,30.83,0.5962390956802585,3.6998,0,39,2,16,lesca,0,0,1,1,0,1,1,0,1,0,0,0,6,0,0,0,0,0,0,1,0,1,1,1,1,1,0,1,0,0,0,7,0,0,0,0,0,0,0,0,0,1,1,1,1,0,1,0,0,0,8,0,0,0,0,0,0,1,0,0,1,1,1,1,1,1,0,0,0,0,0,0,0,0,0,0,0,0,0,1,1,1,1,0,0,0,0,0,0,0,0,0,0,0,0,0,0,0,1,1,1,0,1,0,0,0,0,0,0,0,0,0,0,0,0,0,0,1,1,1,0,0,0,0,0,0,0,0,0,0,0,0,0,0,0,0,1,1,1,0,0,0,0,0,0,37,0,0,0,0,0,0,0,0,0,1,1,0,0,0,0,0,0,0,5,0,0,0,0,0,0,0,0,0,1,1,1,0,0,0,0,0,0,16,0,0,0,0,0,0,2,107,lesca,1,1,1,1,0,0,0,0,0,0,1,1,1,1,1,1,1,1,1,1,1,1,1,1,1,1,1,1,0,0,0,0,1,0,0,0,0,0,0,0,0,0,0,NA,0,0,0,0,0,0,0,0,0,0,NA,0,0,0,0,0,0,0,0,0,0,NA
107,69.07235372426321,97.6955,38.1695,82.58433821154622,100,30.83,0.5962390956802585,3.6998,0,40,2,16,luppe,0,0,0,1,0,1,0,0,0,0,0,0,6,1,0,0,0,0,0,1,0,1,1,0,1,0,0,0,0,0,0,7,0,0,1,0,0,0,0,0,0,1,1,1,0,0,0,0,0,0,8,1,0,0,1,0,0,0,0,0,0,0,1,0,0,0,0,0,0,0,0,0,0,0,0,1,0,0,0,0,0,0,0,0,0,0,0,0,0,0,0,0,0,0,1,0,0,0,0,0,0,0,0,0,0,0,0,0,0,0,0,0,0,1,0,0,0,1,0,0,0,0,0,0,0,0,0,0,0,0,0,0,0,0,0,0,0,0,0,0,0,0,0,0,0,37,0,0,0,0,0,0,0,0,0,1,0,0,0,0,0,0,0,0,5,0,0,0,0,0,0,0,0,0,0,0,0,0,0,0,0,0,0,16,0,0,0,0,0,1,2,107,luppe,0,1,1,0,0,0,0,0,0,0,2,1,1,1,1,0,0,1,0,1,0,1,0,0,0,0,0,0,0,0,0,0,NA,0,0,0,0,0,0,0,0,0,0,NA,1,1,1,0,0,0,0,0,0,0,1,0,0,1,1,1,1,0,0,0,1,3
107,69.07235372426321,97.6955,38.1695,82.58433821154622,100,30.83,0.5962390956802585,3.6998,0,41,2,16,poapr,1,1,1,1,1,1,0,0,0,0,0,0,6,0,0,0,0,0,0,1,1,1,1,1,1,0,0,0,0,0,0,7,1,0,0,0,0,0,1,1,1,1,1,1,0,0,0,0,0,0,8,1,0,1,0,0,0,0,0,0,1,1,1,0,0,0,0,0,0,0,0,0,0,1,1,0,0,0,0,1,1,1,0,0,0,0,0,0,0,0,0,0,1,0,0,0,0,0,1,1,1,0,0,0,0,0,0,0,0,0,0,0,0,0,0,0,0,1,1,1,0,0,0,0,0,0,0,0,0,0,0,0,0,0,0,0,1,1,1,0,0,0,0,0,0,37,0,0,0,0,0,0,0,0,0,1,1,1,0,0,0,0,0,0,5,0,0,0,0,0,0,0,0,0,1,1,1,0,0,0,0,0,0,16,0,0,0,0,0,0,2,107,poapr,1,1,1,0,0,0,0,0,0,0,1,1,1,1,1,1,1,1,1,1,1,1,0,0,0,0,0,0,0,0,0,0,NA,0,0,0,0,0,0,0,0,0,0,NA,0,1,1,0,0,0,0,0,0,0,2,0,0,0,1,1,0,0,0,0,0,4
107,69.07235372426321,97.6955,38.1695,82.58433821154622,100,30.83,0.5962390956802585,3.6998,0,42,2,16,schsc,0,0,0,0,0,0,0,0,0,0,0,0,6,0,0,0,0,0,0,0,0,0,0,0,0,0,0,0,0,0,0,7,0,0,0,0,0,0,0,0,0,0,0,0,0,0,0,0,0,0,8,0,0,0,0,0,0,0,0,0,0,0,0,0,0,0,0,0,0,0,0,0,0,0,0,0,0,0,0,0,0,0,0,0,0,0,0,0,0,0,0,0,0,0,0,0,0,0,0,0,0,0,0,0,0,0,0,0,0,0,0,0,0,0,0,0,0,1,1,1,1,1,1,0,0,0,0,0,0,0,0,0,0,0,0,0,1,0,1,1,0,1,0,0,0,37,0,0,0,0,0,0,0,0,0,0,0,0,0,0,0,0,0,0,5,0,0,0,0,0,0,0,0,0,0,0,0,0,0,0,0,0,0,16,0,0,0,0,0,0,2,107,schsc,0,0,1,0,0,0,0,0,0,0,3,0,0,0,0,0,0,1,1,0,0,7,0,0,0,0,0,0,1,1,0,0,7,0,0,0,0,0,0,0,0,0,0,NA,0,0,0,0,0,0,0,0,0,0,NA,0,0,0,0,0,0,0,0,0,0,NA
107,69.07235372426321,97.6955,38.1695,82.58433821154622,100,30.83,0.5962390956802585,3.6998,0,43,2,16,solri,0,0,0,0,0,0,0,0,0,0,0,0,6,0,0,0,0,0,0,0,0,0,0,0,0,0,0,0,0,0,0,7,0,0,0,0,0,0,0,0,0,0,0,0,0,0,0,0,0,0,8,0,0,0,0,0,0,0,0,0,0,0,0,0,0,0,0,0,0,0,0,0,0,0,0,0,0,0,0,0,0,0,0,0,0,0,0,0,0,0,0,0,0,0,0,0,0,0,0,0,0,0,0,0,0,0,0,0,0,0,0,0,0,0,0,0,0,0,0,0,0,0,0,0,0,0,0,0,0,0,0,0,0,0,0,0,0,0,0,0,0,0,0,0,0,37,0,0,0,0,0,0,0,0,0,0,0,0,0,0,0,0,0,0,0,0,0,0,0,0,0,0,0,0,0,0,0,0,0,0,0,0,0,16,0,0,0,0,0,0,2,107,solri,0,0,0,0,0,0,0,0,0,0,NA,0,0,0,0,0,0,0,0,0,0,NA,0,0,0,0,0,0,0,0,0,0,NA,0,0,0,0,0,0,0,0,0,0,NA,0,0,0,0,0,0,0,0,0,0,NA,0,0,0,0,0,0,0,0,0,0,NA
109,71.81644295576345,110.6915,37.94,76.28278721450127,99.9475,23.535,0.9869590920559943,6.231,7e-4,44,2,1,broin,1,1,1,1,1,1,1,0,0,0,0,0,8,0,0,0,0,0,0,1,1,1,1,1,1,1,0,0,1,0,0,9,0,0,0,0,0,0,1,1,0,1,1,0,1,0,0,1,0,0,3,0,0,0,0,0,0,1,1,1,1,1,1,0,0,0,0,0,0,0,0,0,0,0,0,0,0,1,1,1,1,1,1,0,0,0,0,0,0,0,0,0,0,0,0,0,0,0,1,1,1,0,0,0,0,0,0,0,0,0,0,1,0,0,0,0,0,1,1,1,0,0,0,0,0,0,0,0,0,0,1,0,0,0,0,0,1,1,1,0,0,0,0,0,0,0,0,0,0,1,0,0,0,0,0,1,1,1,0,0,0,0,0,0,0,0,0,0,1,0,0,0,0,0,1,1,1,0,0,0,0,0,0,0,0,0,0,1,0,0,2,109,broin,1,1,1,1,1,0,0,0,0,0,1,1,1,1,1,1,1,1,1,1,1,1,1,1,1,0,1,0,0,0,0,0,1,0,1,1,0,0,0,0,0,0,0,2,0,0,0,0,0,0,0,0,0,0,NA,0,0,0,0,0,1,1,1,1,1,6
111,72.72260175562505,117.023,38.3945,74.06775923,100,22.44,1.143011451922106,7.8052,0,45,2,1,agrre,1,1,1,1,1,1,0,1,0,0,0,0,0,1,1,0,1,0,0,1,1,1,1,1,1,1,0,0,0,0,0,0,0,0,0,0,0,0,1,1,0,1,1,0,1,1,0,1,1,0,50,0,0,0,0,0,0,1,1,1,1,1,1,1,1,1,1,1,1,32,0,0,0,0,0,0,0,0,0,1,1,1,0,0,0,0,0,0,0,1,1,1,0,0,0,0,0,0,1,1,1,0,0,0,0,0,0,0,1,1,1,0,0,0,0,0,0,1,1,1,0,0,0,0,0,0,0,1,1,1,0,0,0,0,0,0,1,1,1,0,0,0,0,0,0,0,0,1,1,1,1,1,0,0,0,1,1,1,0,0,0,0,0,0,0,0,0,0,1,1,1,0,0,0,1,1,1,0,0,0,0,0,0,0,0,0,0,1,1,1,2,111,agrre,1,1,1,1,0,0,0,0,0,0,1,1,1,1,1,1,1,1,1,1,1,1,1,1,1,1,0,0,0,0,0,0,1,0,0,1,1,0,0,0,0,0,0,3,1,0,0,0,1,1,1,1,0,0,1,1,0,0,0,0,0,0,1,1,1,1
115,71.91499963677823,110.1605,37.166,73.99867126,99.57,22.165,1.0781587057197326,6.2522,0.0055,46,2,1,poapr,1,1,1,1,1,1,1,1,1,0,0,0,0,1,1,1,0,0,0,1,1,1,1,1,1,0,0,0,0,0,0,0,1,1,1,1,0,0,1,1,1,1,1,1,0,0,0,0,0,0,0,1,1,1,1,1,1,1,0,0,1,1,1,0,0,0,0,0,0,0,0,0,0,1,1,1,0,0,0,1,1,1,0,0,0,0,0,0,0,0,0,0,1,1,1,0,0,0,1,1,1,0,0,0,0,0,0,0,0,0,0,1,1,1,0,0,0,1,1,1,0,0,0,0,0,0,0,0,0,0,1,1,1,0,0,0,1,1,1,0,0,0,0,0,0,0,0,0,0,1,1,1,0,0,0,1,1,1,0,0,0,0,0,0,0,0,0,0,1,1,0,0,0,0,1,1,1,0,0,0,0,0,0,0,0,0,0,1,1,0,2,115,poapr,1,1,1,1,0,0,0,0,0,0,1,1,1,1,1,1,1,1,1,1,1,1,1,0,0,0,0,0,0,0,0,0,1,0,0,0,0,0,0,0,0,0,0,NA,1,1,1,0,0,0,0,0,0,0,1,0,1,1,1,1,1,1,1,1,1,2
116,71.54830354602777,111.857,37.751,75.55155372,99.48,26.165,0.9886275611601513,6.5286,0.0069,47,2,1,lesca,1,1,1,1,1,1,1,1,1,0,0,0,0,0,0,0,0,0,0,1,1,1,1,1,1,1,1,1,0,0,0,0,0,0,0,0,0,0,1,1,1,1,1,1,1,1,1,0,0,0,0,0,0,0,0,0,0,1,0,1,1,1,1,1,1,1,0,0,0,0,0,0,0,0,0,0,0,0,0,1,1,1,1,1,1,0,0,0,0,0,0,0,0,0,0,0,0,0,1,1,1,1,1,1,0,0,0,0,0,0,0,0,0,0,0,0,0,1,1,1,1,1,1,0,0,0,0,0,0,0,0,0,0,0,0,0,1,1,1,1,1,1,0,0,0,0,0,0,0,0,0,0,0,0,0,1,1,1,1,1,1,0,0,0,0,0,0,0,0,0,0,0,0,0,1,1,1,0,0,0,0,0,0,0,1,1,1,0,0,0,2,116,lesca,1,1,1,1,0,0,0,0,0,0,1,1,1,1,1,1,1,1,1,1,1,1,1,1,1,1,1,1,1,1,1,0,1,0,0,0,0,0,0,0,0,0,0,NA,0,0,0,0,0,0,0,0,0,1,10,0,0,0,0,0,0,0,0,0,0,NA
184,69.61469064911483,102.074,35.0105,81.63052766429618,99.2825,26.5725,0.6601198093508849,4.2805,0.0097,48,4,16,agrre,0,0,0,0,0,0,0,0,0,0,0,0,0,0,0,0,0,0,0,0,0,0,0,0,0,0,0,0,0,0,0,10,0,0,0,0,0,0,0,0,0,0,0,0,0,0,0,0,0,0,13,0,0,0,0,0,0,0,0,0,0,0,0,0,0,0,0,0,0,0,0,0,0,0,0,0,0,0,0,0,0,0,0,0,0,0,0,0,0,0,0,0,0,0,0,0,0,0,0,0,0,0,0,0,0,0,0,0,0,0,0,0,0,0,0,0,0,0,0,0,0,0,0,0,0,0,0,0,0,0,0,0,0,0,0,0,0,0,0,0,0,0,0,0,0,0,0,0,0,0,0,0,0,0,0,0,0,0,0,0,0,0,0,0,0,0,0,0,0,0,0,0,0,0,0,0,0,0,0,0,0,0,0,12,0,0,0,0,0,0,4,184,agrre,0,0,0,0,0,0,0,0,0,0,NA,0,0,0,0,0,0,0,0,0,0,NA,0,0,0,0,0,0,0,0,0,0,NA,0,0,0,0,0,0,0,0,0,0,NA,0,0,0,0,0,0,0,0,0,0,NA,0,0,0,0,0,0,0,0,0,0,NA
184,69.61469064911483,102.074,35.0105,81.63052766429618,99.2825,26.5725,0.6601198093508849,4.2805,0.0097,49,4,16,andge,1,1,1,1,1,1,0,0,0,0,0,0,20,0,0,0,0,0,0,1,1,1,1,1,1,0,0,0,0,0,0,10,0,0,0,0,0,0,1,1,1,1,1,1,0,0,0,0,0,0,13,0,0,0,0,0,0,0,0,0,1,1,1,1,1,1,0,0,0,0,0,0,0,0,0,0,0,0,0,1,1,1,1,1,1,0,0,0,0,0,0,0,0,0,0,0,0,0,1,1,1,1,1,1,1,1,1,43,0,0,0,0,0,0,0,0,0,1,1,1,1,1,1,1,1,1,52,0,0,0,0,0,0,0,0,0,1,1,1,1,1,1,1,1,1,47,0,1,1,1,1,0,0,0,0,1,1,1,0,0,0,0,0,0,0,1,1,0,1,1,1,0,0,0,1,1,1,1,0,1,1,0,1,12,0,1,0,1,1,1,4,184,andge,1,1,1,0,0,0,0,0,0,0,1,1,1,1,1,1,1,1,1,1,1,1,0,0,0,1,1,1,1,1,0,1,4,0,0,0,0,0,1,1,1,0,1,6,0,0,0,0,0,0,0,1,1,1,8,0,0,0,0,0,0,0,1,1,1,8
184,69.61469064911483,102.074,35.0105,81.63052766429618,99.2825,26.5725,0.6601198093508849,4.2805,0.0097,50,4,16,broin,0,0,0,0,0,0,0,0,0,0,0,0,20,0,0,0,0,0,0,0,0,0,0,0,0,0,0,0,0,0,0,10,0,0,0,0,0,0,0,0,0,1,0,0,0,0,0,0,0,0,13,0,0,0,0,0,0,0,0,0,0,0,0,0,0,0,0,0,0,0,0,0,0,0,0,0,0,0,0,0,0,0,0,0,0,0,0,0,0,0,0,0,0,0,0,0,0,0,0,0,0,0,0,0,0,0,0,0,0,0,0,0,0,0,0,0,0,0,0,0,0,0,0,0,0,0,0,0,0,0,0,0,0,0,0,0,0,0,0,0,0,0,0,0,0,0,0,0,0,0,0,0,0,0,0,0,0,0,0,0,0,0,0,0,0,0,0,0,0,0,0,0,0,0,0,0,0,0,0,0,0,0,0,12,0,0,0,0,0,0,4,184,broin,0,0,1,0,0,0,0,0,0,0,3,0,0,1,0,0,0,0,0,0,0,3,0,0,0,0,0,0,0,0,0,0,NA,0,0,0,0,0,0,0,0,0,0,NA,0,0,0,0,0,0,0,0,0,0,NA,0,0,0,0,0,0,0,0,0,0,NA
184,69.61469064911483,102.074,35.0105,81.63052766429618,99.2825,26.5725,0.6601198093508849,4.2805,0.0097,51,4,16,lesca,0,0,0,0,0,0,0,0,0,0,0,0,20,0,0,0,0,0,0,0,0,0,0,0,0,0,0,0,0,0,0,10,0,0,0,0,0,0,0,0,0,0,0,0,0,0,0,0,0,0,13,0,0,0,0,0,0,0,0,0,0,0,0,0,0,0,0,0,0,0,0,0,0,0,0,0,0,0,0,0,0,0,0,0,0,0,0,0,0,0,0,0,0,0,0,0,0,0,0,0,0,0,0,0,0,0,0,0,0,0,0,0,0,0,0,0,0,0,0,0,0,0,0,0,0,0,0,0,0,0,0,0,0,0,0,0,0,0,0,0,0,0,0,0,0,0,0,0,0,0,0,0,0,0,0,0,0,0,0,0,0,0,0,0,0,0,0,0,0,0,0,0,0,0,0,0,0,0,0,0,0,0,0,12,0,0,0,0,0,0,4,184,lesca,0,0,0,0,0,0,0,0,0,0,NA,0,0,0,0,0,0,0,0,0,0,NA,0,0,0,0,0,0,0,0,0,0,NA,0,0,0,0,0,0,0,0,0,0,NA,0,0,0,0,0,0,0,0,0,0,NA,0,0,0,0,0,0,0,0,0,0,NA
184,69.61469064911483,102.074,35.0105,81.63052766429618,99.2825,26.5725,0.6601198093508849,4.2805,0.0097,52,4,16,luppe,0,1,0,1,1,0,0,0,0,0,0,0,20,1,1,0,0,0,0,0,1,0,1,1,0,0,0,0,0,0,0,10,1,1,0,0,0,0,0,1,0,1,1,0,0,0,0,0,0,0,13,1,1,0,0,1,0,0,0,0,1,1,0,0,0,0,0,0,0,0,0,1,0,1,1,0,0,0,0,1,1,0,0,0,0,0,0,0,0,0,0,0,1,1,0,0,0,0,1,0,0,0,0,0,0,0,0,0,0,0,0,1,1,0,0,0,0,1,0,0,0,0,0,0,0,0,0,0,0,0,0,1,1,0,0,0,0,0,0,0,0,0,0,0,0,0,0,0,0,0,1,0,0,0,0,0,0,0,0,0,0,0,0,0,0,0,0,0,0,0,0,0,0,0,0,0,1,0,0,0,0,0,0,12,0,0,0,0,0,0,4,184,luppe,1,1,1,0,0,0,0,0,0,0,1,1,1,1,1,1,1,1,0,0,1,1,0,0,0,0,0,0,0,0,0,0,NA,0,0,0,0,0,0,0,0,0,0,NA,1,1,1,1,0,0,0,0,0,0,1,0,0,1,1,1,1,1,1,0,0,3
184,69.61469064911483,102.074,35.0105,81.63052766429618,99.2825,26.5725,0.6601198093508849,4.2805,0.0097,53,4,16,poapr,1,1,1,1,1,1,0,0,0,0,0,0,20,0,0,0,0,0,0,1,1,1,1,1,1,0,0,0,0,0,0,10,1,0,0,0,0,0,1,1,1,1,1,1,0,0,0,0,0,0,13,1,0,0,0,0,0,0,0,0,1,1,1,0,0,0,0,0,0,0,0,0,0,1,0,0,0,0,0,1,1,1,0,0,0,0,0,0,0,0,0,0,0,0,0,0,0,0,1,1,1,0,0,0,0,0,0,0,0,0,0,0,0,0,0,0,0,1,1,1,0,0,0,0,0,0,0,0,0,0,0,0,0,0,0,0,1,1,1,0,0,0,0,0,0,0,0,0,0,0,0,0,0,0,0,1,1,1,0,0,0,0,0,0,0,0,0,0,0,0,0,0,0,0,1,1,1,0,0,0,0,0,0,12,0,0,0,0,0,0,4,184,poapr,1,1,1,0,0,0,0,0,0,0,1,1,1,1,1,1,1,1,1,1,1,1,0,0,0,0,0,0,0,0,0,0,NA,0,0,0,0,0,0,0,0,0,0,NA,0,1,1,0,0,0,0,0,0,0,2,0,0,0,1,0,0,0,0,0,0,4
184,69.61469064911483,102.074,35.0105,81.63052766429618,99.2825,26.5725,0.6601198093508849,4.2805,0.0097,54,4,16,schsc,0,0,0,0,0,0,0,0,0,0,0,0,20,0,0,0,0,0,0,0,0,0,0,0,0,0,0,0,0,0,0,10,0,0,0,0,0,0,0,0,0,0,0,0,0,0,0,0,0,0,13,0,0,0,0,0,0,0,0,0,0,0,0,0,0,0,0,0,0,0,0,0,0,0,0,0,0,0,0,0,0,0,0,0,0,0,0,0,0,0,0,0,0,0,0,0,0,0,0,0,0,0,0,0,0,0,0,0,0,0,0,0,0,0,0,0,0,0,1,1,0,0,0,0,0,0,0,0,0,0,0,0,0,0,0,0,0,1,1,0,1,1,0,0,0,0,0,0,0,0,0,0,0,0,0,0,0,0,0,0,0,0,0,0,0,0,0,0,0,0,0,0,0,0,0,0,1,0,0,1,0,0,0,12,0,0,0,0,0,0,4,184,schsc,0,0,1,0,0,0,0,0,0,0,3,0,0,0,0,0,0,1,1,0,1,7,0,0,0,0,0,0,0,1,0,1,8,0,0,0,0,0,0,0,0,0,0,NA,0,0,0,0,0,0,0,0,0,0,NA,0,0,0,0,0,0,0,0,0,0,NA
184,69.61469064911483,102.074,35.0105,81.63052766429618,99.2825,26.5725,0.6601198093508849,4.2805,0.0097,55,4,16,solri,0,0,0,0,0,0,0,0,0,0,0,0,20,0,0,0,0,0,0,0,0,0,0,0,0,0,0,0,0,0,0,10,0,0,0,0,0,0,0,0,0,0,0,0,0,0,0,0,0,0,13,0,0,0,0,0,0,0,0,0,0,0,0,0,0,0,0,0,0,0,0,0,0,0,0,0,0,0,0,0,0,0,0,0,0,0,0,0,0,0,0,0,0,0,0,0,0,0,0,0,0,0,0,0,0,0,0,0,0,0,0,0,0,0,0,0,0,0,0,0,0,0,0,0,0,0,0,0,0,0,0,0,0,0,0,0,0,0,0,0,0,0,0,0,0,0,0,0,0,0,0,0,0,0,0,0,0,0,0,0,0,0,0,0,0,0,0,0,0,0,0,0,0,0,0,0,0,0,0,0,0,0,0,12,0,0,0,0,0,0,4,184,solri,0,0,0,0,0,0,0,0,0,0,NA,0,0,0,0,0,0,0,0,0,0,NA,0,0,0,0,0,0,0,0,0,0,NA,0,0,0,0,0,0,0,0,0,0,NA,0,0,0,0,0,0,0,0,0,0,NA,0,0,0,0,0,0,0,0,0,0,NA
187,70.45998141,110.0885,35.6,80.28116802575539,100,26.5875,0.7915195920715342,5.3839,0,56,4,9,agrre,0,0,0,0,0,0,0,0,0,0,0,0,9,0,0,0,0,0,0,0,0,0,0,0,0,0,0,0,0,0,0,6,0,0,0,0,0,0,0,0,0,0,0,0,0,0,0,0,0,0,36,0,0,0,0,0,0,0,0,0,0,0,0,0,0,0,0,0,0,0,0,0,0,0,0,0,0,0,0,0,0,0,0,0,0,0,0,0,0,0,0,0,0,0,0,0,0,0,0,0,0,0,0,0,0,0,0,0,0,0,0,0,0,0,0,0,0,0,0,0,0,0,0,0,0,0,0,0,0,0,0,0,0,0,0,0,0,0,0,0,0,0,0,0,0,0,0,0,0,0,0,0,0,0,0,0,0,0,0,0,0,0,0,0,0,0,0,0,0,0,0,0,0,0,0,0,0,0,0,0,0,0,0,15,0,0,0,0,0,0,4,187,agrre,0,0,0,0,0,0,0,0,0,0,NA,0,0,0,0,0,0,0,0,0,0,NA,0,0,0,0,0,0,0,0,0,0,NA,0,0,0,0,0,0,0,0,0,0,NA,0,0,0,0,0,0,0,0,0,0,NA,0,0,0,0,0,0,0,0,0,0,NA
187,70.45998141,110.0885,35.6,80.28116802575539,100,26.5875,0.7915195920715342,5.3839,0,57,4,9,andge,1,1,1,1,1,1,0,0,0,0,0,0,9,0,0,0,0,0,0,1,1,1,1,1,1,0,0,0,0,0,0,6,0,0,0,0,0,0,1,1,1,1,1,1,0,0,0,0,0,0,36,0,0,0,0,0,0,0,0,0,1,1,1,1,1,1,0,0,0,0,0,0,0,0,0,0,0,0,0,1,1,1,1,0,1,0,0,0,2,0,0,0,0,0,0,0,0,0,1,1,1,1,1,1,0,0,0,16,0,0,0,0,0,0,0,0,0,1,1,1,1,1,1,1,1,1,34,0,0,0,0,0,0,0,0,0,1,1,1,1,1,1,1,1,1,84,0,0,1,0,1,0,0,0,0,1,1,1,0,1,0,0,0,0,0,1,1,1,0,0,1,0,0,0,1,1,1,1,1,1,1,1,1,15,0,1,1,0,0,0,4,187,andge,1,1,1,0,0,0,0,0,0,0,1,1,1,1,1,1,1,1,1,1,1,1,0,0,0,1,1,1,1,1,1,1,4,0,0,0,0,0,0,1,1,0,1,7,0,0,0,0,0,0,0,1,1,1,8,0,0,0,0,0,0,0,1,1,0,8
187,70.45998141,110.0885,35.6,80.28116802575539,100,26.5875,0.7915195920715342,5.3839,0,58,4,9,schsc,1,1,1,1,1,1,0,0,0,0,0,0,9,0,0,0,0,0,0,1,1,1,1,1,1,0,0,0,0,0,0,6,0,0,0,0,0,0,1,1,1,1,1,1,0,0,0,0,0,0,36,0,0,0,0,0,0,0,0,0,1,1,1,0,0,0,0,0,0,0,0,0,0,0,0,0,0,0,0,1,1,0,0,0,0,0,0,0,0,0,0,0,0,0,0,0,0,0,1,1,1,0,0,0,0,0,0,0,0,0,0,0,0,0,0,0,0,1,1,1,0,0,0,0,0,0,0,0,0,0,0,0,0,0,0,0,1,1,1,1,1,1,0,0,0,0,0,0,0,0,0,0,0,0,0,1,1,1,1,1,1,0,0,0,0,0,0,0,0,0,0,0,0,0,1,1,1,1,1,1,0,0,0,15,0,0,0,0,0,0,4,187,schsc,1,1,1,0,0,0,0,0,0,0,1,1,1,1,1,1,1,1,1,1,1,1,0,0,0,0,0,0,0,1,1,1,8,0,0,0,0,0,0,0,0,0,0,NA,0,0,0,0,0,0,0,0,0,0,NA,0,0,0,0,0,0,0,0,0,0,NA
188,70.54676120855736,107.4785,36.2975,82.17244137256286,100,28.2775,0.7040761748181922,4.8338,0,59,4,16,agrre,0,0,0,0,0,0,0,0,0,0,0,0,0,0,0,0,0,0,0,0,0,0,0,0,0,0,0,0,0,0,0,0,0,0,0,0,0,0,0,0,0,0,0,0,0,0,0,0,0,0,29,0,0,0,0,0,0,0,0,0,0,0,0,0,0,0,0,0,0,0,0,0,0,0,0,0,0,0,0,0,0,0,0,0,0,0,0,0,0,0,0,0,0,0,0,0,0,0,0,0,0,0,0,0,0,0,0,0,0,0,0,0,0,0,0,0,0,0,0,0,0,0,0,0,0,0,0,0,0,0,0,0,0,0,0,0,0,0,0,0,0,0,0,0,0,149,0,0,0,0,0,0,0,0,0,0,0,0,0,0,0,0,0,0,0,0,0,0,0,0,0,0,0,0,0,0,0,0,0,0,0,0,0,0,0,0,0,0,0,0,4,188,agrre,0,0,0,0,0,0,0,0,0,0,NA,0,0,0,0,0,0,0,0,0,0,NA,0,0,0,0,0,0,0,0,0,0,NA,0,0,0,0,0,0,0,0,0,0,NA,0,0,0,0,0,0,0,0,0,0,NA,0,0,0,0,0,0,0,0,0,0,NA
188,70.54676120855736,107.4785,36.2975,82.17244137256286,100,28.2775,0.7040761748181922,4.8338,0,60,4,16,andge,1,1,1,1,1,1,0,0,0,0,0,0,0,0,0,0,0,0,0,1,1,1,1,1,1,1,0,0,0,0,0,0,0,0,0,0,0,0,1,1,1,1,1,1,0,0,0,0,0,0,29,0,0,0,0,0,0,0,0,0,1,1,1,1,1,1,0,0,0,0,0,0,0,0,0,0,0,0,0,1,1,1,1,1,1,0,0,0,0,0,0,0,0,0,0,0,0,0,1,1,1,1,1,1,0,1,1,84,0,0,0,0,0,0,0,0,0,1,1,1,1,1,1,1,1,1,96,0,0,0,1,0,0,0,0,0,1,1,1,0,1,1,0,1,1,149,1,1,1,1,0,1,0,0,0,1,1,1,0,0,0,0,0,0,0,0,1,0,1,1,1,0,0,0,1,1,1,1,1,1,1,1,1,0,0,1,0,1,1,1,4,188,andge,1,1,1,0,0,0,0,0,0,0,1,1,1,1,1,1,1,1,1,1,1,1,0,1,0,1,1,1,1,1,0,1,2,0,0,0,0,0,1,1,1,0,1,6,0,0,0,0,0,0,0,1,1,1,8,0,0,0,0,0,0,1,1,1,1,7
188,70.54676120855736,107.4785,36.2975,82.17244137256286,100,28.2775,0.7040761748181922,4.8338,0,61,4,16,broin,0,0,0,0,0,0,0,0,0,0,0,0,0,0,0,0,0,0,0,0,0,0,0,0,0,0,0,0,0,0,0,0,0,0,0,0,0,0,0,0,0,0,0,0,0,0,0,0,0,0,29,0,0,0,0,0,0,0,0,0,0,0,0,0,0,0,0,0,0,0,0,0,0,0,0,0,0,0,0,0,0,0,0,0,0,0,0,0,0,0,0,0,0,0,0,0,0,0,0,0,0,0,0,0,0,0,0,0,0,0,0,0,0,0,0,0,0,0,0,0,0,0,0,0,0,0,0,0,0,0,0,0,0,0,0,0,0,0,0,0,0,0,0,0,0,149,0,0,0,0,0,0,0,0,0,0,0,0,0,0,0,0,0,0,0,0,0,0,0,0,0,0,0,0,0,0,0,0,0,0,0,0,0,0,0,0,0,0,0,0,4,188,broin,0,0,0,0,0,0,0,0,0,0,NA,0,0,0,0,0,0,0,0,0,0,NA,0,0,0,0,0,0,0,0,0,0,NA,0,0,0,0,0,0,0,0,0,0,NA,0,0,0,0,0,0,0,0,0,0,NA,0,0,0,0,0,0,0,0,0,0,NA
188,70.54676120855736,107.4785,36.2975,82.17244137256286,100,28.2775,0.7040761748181922,4.8338,0,62,4,16,lesca,0,0,0,0,0,0,0,0,0,0,0,0,0,0,0,0,0,0,0,0,0,1,1,1,1,0,0,0,0,0,0,0,0,0,0,0,0,0,0,0,1,1,1,0,1,0,0,0,0,0,29,0,0,0,0,0,0,0,0,0,0,0,1,0,0,0,0,0,0,0,0,0,0,0,0,0,0,0,0,1,0,1,0,0,0,0,0,0,0,0,0,0,0,0,0,0,0,0,0,0,1,0,0,0,0,0,0,0,0,0,0,0,0,0,0,0,0,1,0,1,0,0,0,0,0,0,0,0,0,0,0,0,0,0,0,0,1,1,1,0,0,0,0,0,0,149,0,0,0,0,0,0,0,0,0,0,0,0,0,0,0,0,0,0,0,0,0,0,0,0,0,0,0,0,0,0,0,0,0,0,0,0,0,0,0,0,0,0,0,0,4,188,lesca,0,1,1,0,0,0,0,0,0,0,2,0,1,1,1,1,1,1,1,0,0,2,0,0,1,0,0,0,0,0,0,0,3,0,0,0,0,0,0,0,0,0,0,NA,0,0,0,0,0,0,0,0,0,0,NA,0,0,0,0,0,0,0,0,0,0,NA
188,70.54676120855736,107.4785,36.2975,82.17244137256286,100,28.2775,0.7040761748181922,4.8338,0,63,4,16,luppe,1,1,1,1,1,1,0,0,0,0,0,0,0,1,1,1,0,0,0,1,1,0,1,1,1,0,0,0,0,0,0,0,1,1,1,0,0,1,0,1,0,1,1,1,0,0,0,0,0,0,29,1,1,0,0,0,1,0,0,0,1,1,1,0,0,0,0,0,0,0,0,0,0,1,1,1,0,0,0,1,1,1,0,0,0,0,0,0,0,0,0,0,0,0,0,1,0,0,1,1,0,0,0,0,0,0,0,0,0,0,0,1,0,1,0,0,0,1,1,0,0,0,0,0,0,0,0,0,0,0,1,0,0,0,0,0,1,1,0,0,0,0,0,0,0,149,0,0,0,1,0,1,0,0,0,0,0,0,0,0,0,0,0,0,0,0,0,0,0,0,1,0,0,0,0,0,1,0,0,0,0,0,0,0,0,0,0,0,0,0,4,188,luppe,1,1,1,0,0,1,0,0,0,0,1,1,1,1,1,1,1,1,1,0,1,1,0,0,0,0,0,0,0,0,0,0,NA,0,0,0,0,0,0,0,0,0,0,NA,1,1,1,0,0,0,0,0,0,0,1,0,1,1,1,0,1,1,1,1,0,2
188,70.54676120855736,107.4785,36.2975,82.17244137256286,100,28.2775,0.7040761748181922,4.8338,0,64,4,16,poapr,1,1,1,1,1,1,0,0,0,0,0,0,0,0,1,1,0,0,0,1,1,1,1,1,1,0,0,0,0,0,0,0,0,1,1,0,0,0,1,1,1,1,1,1,0,0,0,0,0,0,29,0,0,1,0,1,1,0,0,0,1,1,1,0,0,0,0,0,0,0,0,0,0,1,1,1,0,0,0,1,1,1,0,0,0,0,0,0,0,0,0,0,0,0,0,0,0,0,1,1,1,0,0,0,0,0,0,0,0,0,0,0,0,0,0,0,0,1,1,1,0,0,0,0,0,0,0,0,0,0,0,0,0,0,0,0,1,1,1,0,0,0,0,0,0,149,0,0,0,0,0,0,0,0,0,1,1,1,0,0,0,0,0,0,0,0,0,0,0,0,0,0,0,0,1,1,1,0,0,0,0,0,0,0,0,0,0,0,0,0,4,188,poapr,1,1,1,0,0,0,0,0,0,0,1,1,1,1,1,1,1,1,1,1,1,1,0,0,0,0,0,0,0,0,0,0,NA,0,0,0,0,0,0,0,0,0,0,NA,1,1,1,0,0,0,0,0,0,0,1,0,0,1,1,0,0,0,0,0,0,3
188,70.54676120855736,107.4785,36.2975,82.17244137256286,100,28.2775,0.7040761748181922,4.8338,0,65,4,16,schsc,0,0,0,0,0,0,0,0,0,0,0,0,0,0,0,0,0,0,0,0,0,0,1,0,0,0,0,0,0,0,0,0,0,0,0,0,0,0,0,0,0,0,0,0,0,0,0,0,0,0,29,0,0,0,0,0,0,0,0,0,0,0,0,0,0,0,0,0,0,0,0,0,0,0,0,0,0,0,0,0,0,0,0,0,0,0,0,0,0,0,0,0,0,0,0,0,0,0,1,0,0,0,0,0,0,0,0,0,0,0,0,0,0,0,0,0,0,1,0,0,0,0,0,0,0,0,0,0,0,0,0,0,0,0,0,0,0,0,0,0,0,0,0,0,0,149,0,0,0,0,0,0,0,0,0,0,0,0,0,0,0,0,0,0,0,0,0,0,0,0,0,0,0,0,1,0,0,1,0,0,0,0,0,0,0,0,0,0,0,0,4,188,schsc,0,0,1,0,0,0,0,0,0,0,3,0,1,0,0,0,1,1,0,0,1,2,0,0,0,0,0,0,0,0,0,1,10,0,0,0,0,0,0,0,0,0,0,NA,0,0,0,0,0,0,0,0,0,0,NA,0,0,0,0,0,0,0,0,0,0,NA
188,70.54676120855736,107.4785,36.2975,82.17244137256286,100,28.2775,0.7040761748181922,4.8338,0,66,4,16,solri,0,0,0,0,0,0,0,0,0,0,0,0,0,0,0,0,0,0,0,0,0,0,0,0,0,0,0,0,0,0,0,0,0,0,0,0,0,0,0,0,0,0,0,0,0,0,0,0,0,0,29,0,0,0,0,0,0,0,0,0,0,0,0,0,0,0,0,0,0,0,0,0,0,0,0,0,0,0,0,0,0,0,0,0,0,0,0,0,0,0,0,0,0,0,0,0,0,0,0,0,0,0,0,0,0,0,0,0,0,0,0,0,0,0,0,0,0,0,0,0,0,0,0,0,0,0,0,0,0,0,0,0,0,0,0,0,0,0,0,0,0,0,0,0,0,149,0,0,0,0,0,0,0,0,0,0,0,0,0,0,0,0,0,0,0,0,0,0,0,0,0,0,0,0,0,0,0,0,0,0,0,0,0,0,0,0,0,0,0,0,4,188,solri,0,0,0,0,0,0,0,0,0,0,NA,0,0,0,0,0,0,0,0,0,0,NA,0,0,0,0,0,0,0,0,0,0,NA,0,0,0,0,0,0,0,0,0,0,NA,0,0,0,0,0,0,0,0,0,0,NA,0,0,0,0,0,0,0,0,0,0,NA
190,72.02493617686511,113.09,39.3845,75.72944522889786,100,24.41,1.0380855792796704,6.6006,0,67,4,1,luppe,1,1,1,1,1,1,0,0,0,0,0,0,0,1,1,1,0,0,0,1,1,1,1,1,1,0,0,0,0,0,0,0,1,1,1,1,0,0,1,1,1,1,1,1,0,0,0,0,0,0,0,1,1,1,1,1,1,1,1,1,1,1,1,0,0,0,0,0,0,0,0,0,0,1,1,1,0,1,0,0,1,1,0,0,0,0,0,0,0,0,0,0,1,1,1,0,0,0,0,1,0,0,0,0,0,0,0,0,0,0,0,1,1,1,0,0,0,0,0,0,0,0,0,0,0,0,0,0,0,0,1,1,1,0,0,0,0,0,0,0,0,0,0,0,0,0,0,0,0,1,1,1,0,0,0,0,0,0,0,0,0,0,0,0,0,0,0,0,1,1,1,0,0,0,0,0,0,0,0,0,0,0,0,0,0,0,0,1,1,1,4,190,luppe,1,1,1,1,1,0,0,0,0,0,1,1,1,1,1,1,1,0,0,0,0,1,0,0,0,0,0,0,0,0,0,0,NA,0,0,0,0,0,0,0,0,0,0,NA,1,1,1,0,0,0,0,0,0,0,1,0,1,1,1,1,1,1,1,1,1,2
199,70.34810950035826,106.0475,37.346,77.63741490145424,99.64,28.42,0.8319130536577495,4.8536,0.0048,68,4,1,solri,1,0,1,1,1,1,0,0,0,0,0,0,0,0,0,0,0,0,0,0,1,1,1,1,1,0,0,0,0,0,0,0,0,0,0,0,0,0,0,0,0,1,1,1,0,0,0,0,0,0,0,0,0,0,0,0,0,1,0,0,1,1,1,0,0,0,0,0,0,0,0,0,0,0,0,0,0,0,0,1,1,1,1,1,1,0,0,0,0,0,0,0,0,0,0,0,0,0,1,1,1,1,1,1,0,0,0,0,0,0,0,0,0,0,0,0,0,1,1,1,1,1,1,0,0,0,0,0,0,0,0,0,0,0,0,0,1,1,1,1,1,1,0,0,0,0,0,0,0,0,0,0,0,0,0,1,1,1,1,1,1,1,1,1,28,0,0,0,0,0,0,0,0,0,1,1,1,1,1,0,1,1,1,72,0,0,0,0,0,0,4,199,solri,1,1,1,1,0,0,0,0,0,0,1,1,1,1,1,1,1,1,1,1,1,1,0,0,0,0,1,1,1,1,1,1,5,0,0,0,0,0,0,0,0,1,1,9,0,0,0,0,0,0,0,0,0,0,NA,0,0,0,0,0,0,0,0,0,0,NA
201,69.54119582307351,103.55,38.219,82.39965756569661,99.8475,29.9525,0.624241813,4.6506,0.0024,69,4,16,agrre,0,0,0,0,0,0,0,0,0,0,0,0,3,0,0,0,0,0,0,0,0,0,0,0,0,0,0,0,0,0,0,0,0,0,0,0,0,0,0,0,0,0,0,0,0,0,0,0,0,0,2,0,0,0,0,0,0,0,0,0,0,0,0,0,0,0,0,0,0,0,0,0,0,0,0,0,0,0,0,0,0,0,0,0,0,0,0,0,0,0,0,0,0,0,0,0,0,0,0,0,0,0,0,0,0,0,0,0,0,0,0,0,0,0,0,0,0,0,0,0,0,0,0,0,0,0,0,0,0,0,0,0,0,0,0,0,0,0,0,0,0,0,0,0,0,127,0,0,0,0,0,0,0,0,0,0,0,0,0,0,0,0,0,0,0,0,0,0,0,0,0,0,0,0,0,0,0,0,0,0,0,0,0,0,0,0,0,0,0,0,4,201,agrre,0,0,0,0,0,0,0,0,0,0,NA,0,0,0,0,0,0,0,0,0,0,NA,0,0,0,0,0,0,0,0,0,0,NA,0,0,0,0,0,0,0,0,0,0,NA,0,0,0,0,0,0,0,0,0,0,NA,0,0,0,0,0,0,0,0,0,0,NA
201,69.54119582307351,103.55,38.219,82.39965756569661,99.8475,29.9525,0.624241813,4.6506,0.0024,70,4,16,andge,1,1,1,1,1,1,0,0,0,0,0,0,3,0,0,0,0,0,0,1,1,1,1,1,1,0,0,0,0,0,0,0,0,0,0,0,0,0,0,0,1,1,1,1,0,0,0,0,0,0,2,0,0,0,0,0,0,0,0,0,1,1,1,1,0,1,0,0,0,0,0,0,0,0,0,0,0,0,0,1,1,1,1,1,1,0,0,0,4,0,0,0,0,0,0,0,0,0,1,1,1,1,1,1,1,1,1,75,0,0,0,0,0,0,0,0,0,1,1,1,1,1,1,1,1,1,111,0,0,1,1,0,0,0,0,0,1,1,0,1,1,0,1,1,0,127,1,0,1,1,0,1,0,0,0,1,1,1,0,0,0,0,0,0,0,1,1,0,1,1,1,0,0,0,1,1,1,1,0,1,1,0,1,18,0,0,0,1,1,1,4,201,andge,1,1,1,0,0,0,0,0,0,0,1,1,1,1,1,1,1,1,1,1,1,1,0,0,0,1,1,1,1,1,0,1,4,0,0,0,0,0,1,1,1,0,1,6,0,0,0,0,0,0,1,1,1,0,7,0,0,0,0,0,0,1,1,1,1,7
201,69.54119582307351,103.55,38.219,82.39965756569661,99.8475,29.9525,0.624241813,4.6506,0.0024,71,4,16,broin,0,0,0,0,0,0,0,0,0,0,0,0,3,0,0,0,0,0,0,0,0,0,0,0,0,0,0,0,0,0,0,0,0,0,0,0,0,0,0,0,0,0,0,0,0,0,0,0,0,0,2,0,0,0,0,0,0,0,0,0,0,0,0,0,0,0,0,0,0,0,0,0,0,0,0,0,0,0,0,0,0,0,0,0,0,0,0,0,0,0,0,0,0,0,0,0,0,0,0,0,0,0,0,0,0,0,0,0,0,0,0,0,0,0,0,0,0,0,0,0,0,0,0,0,0,0,0,0,0,0,0,0,0,0,0,0,0,0,0,0,0,0,0,0,0,127,0,0,0,0,0,0,0,0,0,0,0,0,0,0,0,0,0,0,0,0,0,0,0,0,0,0,0,0,0,0,0,0,0,0,0,0,0,0,0,0,0,0,0,0,4,201,broin,0,0,0,0,0,0,0,0,0,0,NA,0,0,0,0,0,0,0,0,0,0,NA,0,0,0,0,0,0,0,0,0,0,NA,0,0,0,0,0,0,0,0,0,0,NA,0,0,0,0,0,0,0,0,0,0,NA,0,0,0,0,0,0,0,0,0,0,NA
201,69.54119582307351,103.55,38.219,82.39965756569661,99.8475,29.9525,0.624241813,4.6506,0.0024,72,4,16,lesca,0,0,0,0,0,0,0,0,0,0,0,0,3,0,0,0,0,0,0,0,0,0,0,0,0,0,0,0,0,0,0,0,0,0,0,0,0,0,0,0,0,0,1,0,0,0,0,0,0,0,2,0,0,0,0,0,0,0,0,0,0,0,0,0,0,0,0,0,0,0,0,0,0,0,0,0,0,0,0,0,0,0,0,0,0,0,0,0,0,0,0,0,0,0,0,0,0,0,0,1,0,0,0,0,0,0,0,0,0,0,0,0,0,0,0,0,0,0,0,0,0,0,0,0,0,0,0,0,0,0,0,0,0,0,0,0,0,0,0,0,0,0,0,0,0,127,0,0,0,0,0,0,0,0,0,0,0,0,0,0,0,0,0,0,0,0,0,0,0,0,0,0,0,0,1,0,0,0,0,0,0,0,0,0,0,0,0,0,0,0,4,201,lesca,0,0,1,0,0,0,0,0,0,0,3,0,0,1,0,0,1,0,0,0,1,3,0,0,0,0,0,0,0,0,0,0,NA,0,0,0,0,0,0,0,0,0,0,NA,0,0,0,0,0,0,0,0,0,0,NA,0,0,0,0,0,0,0,0,0,0,NA
201,69.54119582307351,103.55,38.219,82.39965756569661,99.8475,29.9525,0.624241813,4.6506,0.0024,73,4,16,luppe,1,1,1,1,1,1,0,0,0,0,0,0,3,1,1,1,0,0,0,0,1,1,1,1,1,0,0,0,0,0,0,0,1,1,0,0,0,0,0,1,0,1,1,1,0,0,0,0,0,0,2,1,1,1,1,1,0,0,1,0,1,1,1,0,0,0,0,0,0,0,0,0,0,0,0,0,0,0,0,0,1,1,0,0,0,0,0,0,0,0,0,0,0,0,0,0,0,0,0,0,0,0,0,0,0,0,0,0,0,0,0,0,1,1,0,0,0,0,0,0,0,0,0,0,0,0,0,0,0,0,0,0,0,0,0,0,0,0,0,0,0,0,0,0,0,127,0,0,0,1,0,0,0,0,0,0,0,0,0,0,0,0,0,0,0,0,0,0,0,0,0,0,0,0,0,0,0,0,0,0,0,0,0,0,0,0,0,0,1,1,4,201,luppe,1,1,1,1,0,0,0,0,0,0,1,1,1,1,1,1,0,0,0,0,0,1,0,0,0,0,0,0,0,0,0,0,NA,0,0,0,0,0,0,0,0,0,0,NA,1,1,1,0,0,0,0,0,0,0,1,0,0,1,0,0,1,0,1,0,1,3
201,69.54119582307351,103.55,38.219,82.39965756569661,99.8475,29.9525,0.624241813,4.6506,0.0024,74,4,16,poapr,1,1,1,1,1,1,0,0,0,0,0,0,3,0,0,0,0,0,0,1,1,1,1,1,1,0,0,0,0,0,0,0,0,0,1,0,0,0,1,1,1,1,1,1,0,0,0,0,0,0,2,1,0,0,0,0,0,0,0,0,0,0,0,0,0,0,0,0,0,0,0,0,0,0,0,0,0,0,0,1,1,1,0,0,0,0,0,0,0,0,0,0,1,1,0,0,0,0,1,1,1,0,0,0,0,0,0,0,0,0,0,0,0,0,0,0,0,1,1,1,0,0,0,0,0,0,0,0,0,0,0,0,0,0,0,0,1,1,1,0,0,0,0,0,0,127,0,0,0,0,0,0,0,0,0,1,1,1,0,0,0,0,0,0,0,0,0,0,0,0,1,0,0,0,1,1,1,0,0,0,0,0,0,0,0,0,0,0,0,0,4,201,poapr,1,1,1,0,0,0,0,0,0,0,1,1,1,1,0,1,1,1,1,1,1,1,0,0,0,0,0,0,0,0,0,0,NA,0,0,0,0,0,0,0,0,0,0,NA,0,1,1,0,0,0,0,0,0,0,2,0,0,0,0,1,0,0,0,1,0,5
201,69.54119582307351,103.55,38.219,82.39965756569661,99.8475,29.9525,0.624241813,4.6506,0.0024,75,4,16,schsc,0,0,0,0,0,0,0,0,0,0,0,0,3,0,0,0,0,0,0,0,0,0,0,1,0,0,0,0,0,0,0,0,0,0,0,0,0,0,0,0,0,0,0,0,0,0,0,0,0,0,2,0,0,0,0,0,0,0,0,0,0,1,0,0,0,0,0,0,0,0,0,0,0,0,0,0,0,0,0,0,1,0,0,0,0,0,0,0,0,0,0,0,0,0,0,0,0,0,0,1,0,0,0,0,0,0,0,0,0,0,0,0,0,0,0,0,0,0,1,0,0,0,0,0,0,0,0,0,0,0,0,0,0,0,0,0,0,1,0,0,1,0,0,0,0,127,0,0,0,0,0,0,0,0,0,0,1,0,0,1,0,0,0,0,0,0,0,0,0,0,0,0,0,0,0,1,0,0,1,0,0,1,0,2,0,0,0,0,0,0,4,201,schsc,0,0,1,0,0,0,0,0,0,0,3,0,1,0,1,1,1,1,1,1,1,2,0,0,0,0,0,0,0,1,1,1,8,0,0,0,0,0,0,0,0,0,1,10,0,0,0,0,0,0,0,0,0,0,NA,0,0,0,0,0,0,0,0,0,0,NA
201,69.54119582307351,103.55,38.219,82.39965756569661,99.8475,29.9525,0.624241813,4.6506,0.0024,76,4,16,solri,0,0,0,0,0,0,0,0,0,0,0,0,3,0,0,0,0,0,0,0,0,0,0,0,0,0,0,0,0,0,0,0,0,0,0,0,0,0,0,0,0,0,0,0,0,0,0,0,0,0,2,0,0,0,0,0,0,0,0,0,0,0,0,0,0,0,0,0,0,0,0,0,0,0,0,0,0,0,0,0,0,0,0,0,0,0,0,0,0,0,0,0,0,0,0,0,0,0,0,0,0,0,0,0,0,0,0,0,0,0,0,0,0,0,0,0,0,0,0,0,0,0,0,0,0,0,0,0,0,0,0,0,0,0,0,0,0,0,0,0,0,0,0,0,0,127,0,0,0,0,0,0,0,0,0,0,0,0,0,0,0,0,0,0,0,0,0,0,0,0,0,0,0,0,0,0,0,0,0,0,0,0,0,0,0,0,0,0,0,0,4,201,solri,0,0,0,0,0,0,0,0,0,0,NA,0,0,0,0,0,0,0,0,0,0,NA,0,0,0,0,0,0,0,0,0,0,NA,0,0,0,0,0,0,0,0,0,0,NA,0,0,0,0,0,0,0,0,0,0,NA,0,0,0,0,0,0,0,0,0,0,NA
202,71.40584484306292,112.037,37.238,77.02617712914028,100,20.455,0.98370588312421825,6.1661,0,77,4,1,broin,1,1,1,1,1,1,0,0,0,0,0,1,7,0,0,0,0,0,0,1,1,1,1,1,1,0,0,1,0,0,0,2,0,0,0,0,0,0,1,1,1,1,1,1,1,0,0,0,0,0,16,0,0,0,0,0,0,0,0,0,0,1,1,0,0,0,0,0,0,0,0,0,0,0,0,0,0,0,0,1,1,1,0,0,0,0,0,0,0,0,0,0,0,0,0,0,0,0,1,1,1,0,0,0,0,0,0,0,0,0,0,0,0,0,0,0,0,1,1,1,0,0,0,0,0,0,0,0,0,0,0,0,0,0,0,0,1,1,1,0,0,0,0,0,0,0,0,0,0,0,0,1,0,0,0,1,1,1,0,0,0,0,0,0,0,0,0,0,0,0,0,0,0,0,1,1,1,0,0,0,0,0,0,0,0,0,0,0,0,1,4,202,broin,1,1,1,0,0,0,0,0,0,0,1,1,1,1,1,1,1,1,1,1,1,1,0,1,1,0,0,0,0,0,0,0,2,1,0,0,0,0,0,0,0,0,0,1,0,0,0,0,0,0,0,0,0,0,NA,0,0,0,0,0,0,0,1,0,1,8
222,70.31687561393775,102.1235,37.2245,81.15787176642627,100,28.735,0.7152047672835463,4.2635,0,78,4,16,agrre,0,0,0,0,0,0,0,0,0,0,0,0,14,0,0,0,0,0,0,0,0,0,0,0,0,0,0,0,0,0,0,19,0,0,0,0,0,0,0,0,0,0,0,0,0,0,0,0,0,0,0,0,0,0,0,0,0,0,0,0,0,0,0,0,0,0,0,0,0,0,0,0,0,0,0,0,0,0,0,0,0,0,0,0,0,0,0,0,0,0,0,0,0,0,0,0,0,0,0,0,0,0,0,0,0,0,0,0,0,0,0,0,0,0,0,0,0,0,0,0,0,0,0,0,0,0,0,0,0,0,0,0,0,0,0,0,0,0,0,0,0,0,0,0,0,58,0,0,0,0,0,0,0,0,0,0,0,0,0,0,0,0,0,0,0,0,0,0,0,0,0,0,0,0,0,0,0,0,0,0,0,0,0,14,0,0,0,0,0,0,4,222,agrre,0,0,0,0,0,0,0,0,0,0,NA,0,0,0,0,0,0,0,0,0,0,NA,0,0,0,0,0,0,0,0,0,0,NA,0,0,0,0,0,0,0,0,0,0,NA,0,0,0,0,0,0,0,0,0,0,NA,0,0,0,0,0,0,0,0,0,0,NA
222,70.31687561393775,102.1235,37.2245,81.15787176642627,100,28.735,0.7152047672835463,4.2635,0,79,4,16,andge,1,1,1,1,1,1,0,0,0,0,0,0,14,0,0,0,0,0,0,1,1,1,1,1,1,0,0,0,0,0,0,19,0,0,0,0,0,0,1,1,1,1,1,1,0,0,0,0,0,0,0,0,0,0,0,0,0,0,0,0,1,1,1,1,1,1,0,0,0,0,0,0,0,0,0,0,0,0,0,1,1,1,1,1,1,1,0,0,2,0,0,0,0,0,0,0,0,0,1,1,1,1,1,1,1,0,0,34,0,0,0,0,0,0,0,0,0,1,1,1,1,1,1,1,1,1,72,0,0,1,0,0,0,0,0,0,1,1,1,1,1,1,1,1,1,58,1,1,1,1,0,0,0,0,0,1,1,1,0,0,1,0,0,0,0,0,1,0,1,1,1,0,0,0,1,1,1,0,0,1,0,0,1,14,0,0,0,1,1,1,4,222,andge,1,1,1,0,0,0,0,0,0,0,1,1,1,1,1,1,1,1,1,1,1,1,0,0,0,1,1,1,1,1,1,1,4,0,0,0,0,1,1,1,1,0,1,5,0,0,0,0,0,0,1,1,1,0,7,0,0,0,0,0,0,0,1,1,1,8
222,70.31687561393775,102.1235,37.2245,81.15787176642627,100,28.735,0.7152047672835463,4.2635,0,80,4,16,broin,0,0,0,0,0,0,0,0,0,0,0,0,14,0,0,0,0,0,0,0,0,0,0,0,0,0,0,0,0,0,0,19,0,0,0,0,0,0,0,0,0,0,0,0,0,0,0,0,0,0,0,0,0,0,0,0,0,0,0,0,0,0,0,0,0,0,0,0,0,0,0,0,0,0,0,0,0,0,0,0,0,0,0,0,0,0,0,0,0,0,0,0,0,0,0,0,0,0,0,0,0,0,0,0,0,0,0,0,0,0,0,0,0,0,0,0,0,0,0,0,0,0,0,0,0,0,0,0,0,0,0,0,0,0,0,0,0,0,0,0,0,0,0,0,0,58,0,0,0,0,0,0,0,0,0,0,0,0,0,0,0,0,0,0,0,0,0,0,0,0,0,0,0,0,0,0,0,0,0,0,0,0,0,14,0,0,0,0,0,0,4,222,broin,0,0,0,0,0,0,0,0,0,0,NA,0,0,0,0,0,0,0,0,0,0,NA,0,0,0,0,0,0,0,0,0,0,NA,0,0,0,0,0,0,0,0,0,0,NA,0,0,0,0,0,0,0,0,0,0,NA,0,0,0,0,0,0,0,0,0,0,NA
222,70.31687561393775,102.1235,37.2245,81.15787176642627,100,28.735,0.7152047672835463,4.2635,0,81,4,16,lesca,0,0,1,0,0,1,0,0,1,0,0,0,14,0,0,0,0,0,0,0,0,0,0,0,1,0,0,1,0,0,0,19,0,0,0,0,0,0,0,0,0,1,0,0,1,0,0,0,0,0,0,0,0,0,0,0,0,0,0,0,1,0,1,0,0,1,0,0,0,0,0,0,0,1,1,0,0,0,0,0,1,1,0,1,1,0,0,0,0,0,0,0,0,0,0,0,0,0,0,0,1,0,0,1,0,0,0,0,0,0,0,0,0,0,0,0,0,1,0,1,0,0,1,0,0,0,0,0,0,0,0,0,0,0,0,0,0,0,1,0,0,1,0,0,0,58,0,0,0,0,0,0,0,0,0,0,0,1,0,0,1,0,0,0,0,0,0,0,0,0,0,0,0,0,0,0,1,0,0,0,0,0,0,14,0,0,0,0,0,0,4,222,lesca,1,0,1,0,0,0,0,0,0,0,1,1,1,1,1,1,1,1,1,1,1,1,1,1,1,1,1,1,1,1,1,0,1,0,0,0,0,0,0,0,0,0,0,NA,0,0,0,0,0,0,0,0,0,0,NA,0,0,0,1,0,0,0,0,0,0,4
222,70.31687561393775,102.1235,37.2245,81.15787176642627,100,28.735,0.7152047672835463,4.2635,0,82,4,16,luppe,1,1,1,1,1,1,0,0,0,0,0,0,14,1,0,0,0,0,0,1,1,1,1,1,1,0,0,0,0,0,0,19,1,1,0,1,0,0,0,1,1,1,1,1,0,0,0,0,0,0,0,1,1,0,1,1,0,0,1,0,1,1,1,0,0,0,0,0,0,0,0,0,0,1,0,0,0,0,0,1,1,1,0,0,0,0,0,0,0,0,0,0,1,1,0,0,0,0,0,0,1,0,0,0,0,0,0,0,0,0,0,1,1,0,0,0,0,0,0,1,0,0,0,0,0,0,0,0,0,0,1,1,0,0,0,0,0,1,1,0,0,0,0,0,0,58,0,0,0,1,1,0,0,0,0,0,0,1,0,0,0,0,0,0,0,0,0,0,1,1,0,0,0,0,0,0,1,0,0,0,0,0,0,14,0,0,0,1,1,0,4,222,luppe,1,1,1,1,0,0,0,0,0,0,1,1,1,1,1,1,1,1,1,1,1,1,0,0,0,0,0,0,0,0,0,0,NA,0,0,0,0,0,0,0,0,0,0,NA,1,1,1,0,0,0,0,0,0,0,1,0,1,1,1,1,1,1,1,1,1,2
222,70.31687561393775,102.1235,37.2245,81.15787176642627,100,28.735,0.7152047672835463,4.2635,0,83,4,16,poapr,1,1,1,1,1,1,0,0,0,0,0,0,14,0,0,0,0,0,0,1,1,1,1,1,1,0,0,0,0,0,0,19,0,0,0,0,0,0,1,1,1,1,1,1,0,0,0,0,0,0,0,0,0,0,1,1,0,0,0,0,1,1,1,0,0,0,0,0,0,0,0,0,0,0,0,0,0,0,0,1,1,1,0,0,0,0,0,0,0,0,0,0,0,0,0,0,0,0,1,1,1,0,0,0,0,0,0,0,0,0,0,1,0,0,0,0,0,1,1,1,0,0,0,0,0,0,0,0,0,0,1,0,0,0,0,0,1,1,1,0,0,0,0,0,0,58,0,0,0,0,0,0,0,0,0,1,1,1,0,0,0,0,0,0,0,0,0,0,0,0,0,0,0,0,1,1,1,0,0,0,0,0,0,14,0,0,0,0,0,0,4,222,poapr,1,1,1,0,0,0,0,0,0,0,1,1,1,1,1,1,1,1,1,1,1,1,0,0,0,0,0,0,0,0,0,0,NA,0,0,0,0,0,0,0,0,0,0,NA,0,0,0,0,0,0,0,0,0,0,NA,0,0,1,0,0,1,1,0,0,0,3
222,70.31687561393775,102.1235,37.2245,81.15787176642627,100,28.735,0.7152047672835463,4.2635,0,84,4,16,schsc,0,0,0,0,0,0,0,0,0,0,0,0,14,0,0,0,0,0,0,0,0,0,0,0,1,0,0,0,0,0,0,19,0,0,0,0,0,0,0,0,0,0,0,0,0,0,0,0,0,0,0,0,0,0,0,0,0,0,0,0,0,0,0,0,0,0,0,0,0,0,0,0,0,0,0,0,0,0,0,0,0,0,0,0,0,0,0,0,0,0,0,0,0,0,0,0,0,0,0,0,0,0,0,0,0,0,0,0,0,0,0,0,0,0,0,0,0,0,0,0,0,0,0,0,0,0,0,0,0,0,0,0,0,0,0,0,0,0,0,0,0,0,0,0,0,58,0,0,0,0,0,0,0,0,0,0,0,0,0,0,0,0,0,0,0,0,0,0,0,0,0,0,0,0,0,0,0,0,0,0,0,0,0,14,0,0,0,0,0,0,4,222,schsc,0,0,1,0,0,0,0,0,0,0,3,0,1,0,0,0,0,0,0,0,0,2,0,0,0,0,0,0,0,0,0,0,NA,0,0,0,0,0,0,0,0,0,0,NA,0,0,0,0,0,0,0,0,0,0,NA,0,0,0,0,0,0,0,0,0,0,NA
222,70.31687561393775,102.1235,37.2245,81.15787176642627,100,28.735,0.7152047672835463,4.2635,0,85,4,16,solri,0,0,0,0,0,0,0,0,0,0,0,0,14,0,0,0,0,0,0,0,0,0,0,0,0,0,0,0,0,0,0,19,0,0,0,0,0,0,0,0,0,0,0,0,0,0,0,0,0,0,0,0,0,0,0,0,0,0,0,0,0,0,0,0,0,0,0,0,0,0,0,0,0,0,0,0,0,0,0,0,0,0,0,0,0,0,0,0,0,0,0,0,0,0,0,0,0,0,0,0,0,0,0,0,0,0,0,0,0,0,0,0,0,0,0,0,0,0,0,0,0,0,0,0,0,0,0,0,0,0,0,0,0,0,0,0,0,0,0,0,0,0,0,0,0,58,0,0,0,0,0,0,0,0,0,0,0,0,0,0,0,0,0,0,0,0,0,0,0,0,0,0,0,0,0,0,0,0,0,0,0,0,0,14,0,0,0,0,0,0,4,222,solri,0,0,0,0,0,0,0,0,0,0,NA,0,0,0,0,0,0,0,0,0,0,NA,0,0,0,0,0,0,0,0,0,0,NA,0,0,0,0,0,0,0,0,0,0,NA,0,0,0,0,0,0,0,0,0,0,NA,0,0,0,0,0,0,0,0,0,0,NA
228,71.64840126839016,110.12,36.995,74.18763922524266,99.37,21.425,1.0318506468083388,5.7053,0.0075,86,4,1,poapr,1,1,1,1,1,1,0,0,0,0,0,0,2,1,1,1,1,0,0,1,1,1,1,1,1,0,0,0,0,0,0,0,1,1,1,0,0,0,1,1,1,1,1,1,0,0,0,0,0,0,0,0,0,0,1,1,1,1,0,0,1,1,1,0,0,0,0,0,0,0,0,0,0,1,1,1,0,0,0,1,1,1,0,0,0,0,0,0,0,0,0,0,0,0,0,0,0,0,1,1,1,0,0,0,0,0,0,0,0,0,0,1,1,1,0,0,0,1,1,1,0,0,0,0,0,0,0,0,0,0,1,1,1,0,0,0,1,1,1,0,0,0,0,0,0,0,0,0,0,1,1,1,0,0,0,1,1,1,0,0,0,0,0,0,0,0,0,0,1,1,1,0,0,0,1,1,1,0,0,0,0,0,0,0,0,0,0,1,1,0,4,228,poapr,1,1,1,1,0,0,0,0,0,0,1,1,1,1,1,1,1,1,1,1,1,1,0,0,0,0,0,0,0,0,0,0,NA,0,0,0,0,0,0,0,0,0,0,NA,1,1,0,0,0,0,0,0,0,0,1,1,0,1,1,0,1,1,1,1,1,1
231,71.47472562494328,107.8115,37.1435,76.59369291310796,100,24.25,0.9624476913148262,5.283,0,87,4,1,schsc,1,1,1,1,1,1,0,1,1,0,0,0,1,0,1,1,0,0,0,1,1,1,1,1,1,0,0,0,0,0,0,0,0,0,0,0,0,0,1,1,1,1,1,1,0,0,0,0,0,0,0,0,0,0,0,0,0,0,0,0,1,1,1,0,0,0,0,0,0,0,0,0,0,0,0,0,0,0,0,1,1,1,0,0,0,0,0,0,0,0,0,0,0,0,0,0,0,0,1,1,1,0,0,0,0,0,0,0,0,0,0,0,0,0,0,0,0,1,1,1,1,1,1,0,0,0,0,0,0,0,0,0,0,0,0,0,1,1,1,1,1,1,0,0,0,0,0,0,0,0,0,0,0,0,0,1,1,1,1,1,1,0,0,0,0,0,0,0,0,0,0,0,0,0,1,1,1,1,1,1,1,1,1,100,0,0,0,0,0,0,4,231,schsc,1,1,1,0,0,0,0,0,0,0,1,1,1,1,1,1,1,1,1,1,1,1,1,0,0,0,0,0,1,1,1,1,1,0,0,0,0,0,0,0,0,0,1,10,1,0,0,0,0,0,0,0,0,0,1,0,0,0,0,0,0,0,0,0,0,NA
233,69.93334028,105.692,39.812,82.39814746332219,100,32.7525,0.6587037888725195,4.526,0,88,4,9,agrre,1,1,1,1,1,1,1,1,1,0,0,0,5,0,0,0,0,0,0,0,0,0,1,1,1,0,1,0,0,0,0,13,0,0,0,0,0,0,0,0,0,1,1,1,1,1,1,1,1,1,8,0,0,0,0,0,0,0,0,0,1,1,1,0,1,1,0,1,0,5,0,0,0,0,0,0,0,0,0,1,1,1,0,0,0,0,0,0,0,1,1,0,0,0,0,0,0,0,1,1,1,0,0,0,0,0,0,0,0,1,0,0,0,0,0,0,0,1,1,1,0,0,0,0,0,0,0,0,0,0,0,1,1,0,0,0,1,1,1,0,0,0,0,0,0,0,0,0,0,0,0,1,0,0,0,1,1,1,0,0,0,0,0,0,0,0,0,0,0,0,0,0,0,0,1,1,1,0,0,0,0,0,0,3,0,0,0,0,0,0,4,233,agrre,1,0,1,0,0,0,0,0,0,0,1,1,1,1,1,1,1,1,1,1,1,1,1,1,1,1,0,0,0,0,0,0,1,0,0,1,1,0,0,0,0,0,0,3,0,0,0,0,1,1,0,0,0,0,5,0,0,0,0,0,0,1,1,0,0,7
233,69.93334028,105.692,39.812,82.39814746332219,100,32.7525,0.6587037888725195,4.526,0,89,4,9,broin,0,1,1,1,1,1,1,0,1,0,0,1,5,0,0,0,0,0,0,0,0,0,1,1,1,0,0,0,0,0,0,13,0,0,0,0,0,0,0,0,0,1,1,1,0,0,0,0,0,0,8,0,0,0,0,0,0,0,0,0,1,1,1,1,0,0,0,0,0,0,0,0,0,0,0,0,0,0,0,1,0,1,0,0,0,0,0,0,0,1,0,1,0,0,0,0,0,0,1,1,1,0,0,0,0,0,0,0,0,0,0,0,0,1,0,0,0,1,1,1,0,0,0,0,0,0,0,0,0,0,0,0,1,0,0,0,1,1,0,0,0,0,0,0,0,0,0,0,0,1,0,1,0,0,0,0,1,1,0,0,0,0,0,0,0,0,0,0,0,0,0,0,0,0,0,1,1,0,0,0,0,0,0,3,0,0,0,0,0,0,4,233,broin,1,0,1,0,0,0,0,0,0,0,1,1,1,1,1,1,1,1,1,1,1,1,1,0,0,1,0,0,0,0,0,0,1,1,0,0,0,0,0,0,0,0,0,1,0,0,0,0,1,0,0,0,0,0,5,0,0,0,0,0,1,1,1,0,0,6
233,69.93334028,105.692,39.812,82.39814746332219,100,32.7525,0.6587037888725195,4.526,0,90,4,9,lesca,0,1,1,0,1,1,0,1,0,0,0,0,5,0,0,0,0,0,0,1,0,0,0,1,1,0,1,1,0,0,0,13,0,0,0,0,0,0,0,1,0,0,1,1,0,1,1,0,0,0,8,0,0,0,0,0,0,0,0,0,0,1,1,0,1,1,0,0,0,0,0,0,0,0,0,0,0,0,0,1,1,1,1,1,1,0,0,0,0,0,0,0,0,0,0,0,0,0,0,1,1,0,0,1,0,0,0,0,0,0,0,0,0,0,0,0,0,0,1,1,0,0,0,0,0,0,0,0,0,0,0,0,0,0,0,0,1,1,0,0,0,0,0,0,0,0,0,0,0,0,0,0,0,0,0,0,1,0,0,0,0,0,0,0,0,0,0,0,0,0,0,0,0,0,0,1,1,0,0,0,0,0,0,3,0,0,0,0,0,0,4,233,lesca,1,1,1,0,0,0,0,0,0,0,1,1,1,1,1,1,1,1,1,1,1,1,1,1,1,1,1,1,0,0,0,0,1,0,0,0,0,0,0,0,0,0,0,NA,0,0,0,0,0,0,0,0,0,0,NA,0,0,0,0,0,0,0,0,0,0,NA
233,69.93334028,105.692,39.812,82.39814746332219,100,32.7525,0.6587037888725195,4.526,0,91,4,9,luppe,1,1,1,1,1,1,1,1,0,0,0,0,5,1,0,0,0,0,0,1,1,1,1,1,1,0,0,0,0,0,0,13,1,1,1,1,0,0,1,1,1,1,1,1,0,0,0,0,0,0,8,1,1,1,1,1,1,0,0,0,1,1,1,0,0,0,0,0,0,0,0,0,0,1,1,1,0,0,0,1,1,1,0,0,0,0,0,0,0,0,0,0,1,1,1,0,0,1,1,1,1,0,0,0,0,0,0,0,0,0,0,1,1,1,0,0,0,0,1,1,0,0,0,0,0,0,0,0,0,0,1,1,1,0,0,0,1,1,0,0,0,0,0,0,0,0,0,0,0,1,1,1,0,0,0,0,0,0,0,0,0,0,0,0,0,0,0,0,1,1,1,0,0,0,1,0,0,0,0,0,0,0,0,3,0,0,0,1,1,1,4,233,luppe,1,1,1,0,0,1,0,0,0,0,1,1,1,1,1,1,1,1,1,0,1,1,1,0,0,0,0,0,0,0,0,0,1,0,0,0,0,0,0,0,0,0,0,NA,1,1,1,0,0,0,0,0,0,0,1,0,1,1,1,1,1,1,1,1,1,2
233,69.93334028,105.692,39.812,82.39814746332219,100,32.7525,0.6587037888725195,4.526,0,92,4,9,schsc,1,0,1,1,0,1,0,0,0,0,0,0,5,1,0,1,0,0,0,0,0,0,0,0,0,0,0,0,0,0,0,13,0,0,0,0,0,0,0,0,0,0,0,0,0,0,0,0,0,0,8,0,0,0,0,0,0,0,0,0,1,0,1,0,0,0,0,0,0,0,0,0,0,0,0,0,0,0,0,0,0,0,0,0,0,0,0,0,0,0,0,0,0,0,0,0,0,0,0,0,0,0,0,0,0,0,0,0,0,0,0,0,0,0,0,0,0,1,0,0,0,0,0,0,0,0,0,0,0,0,0,0,0,0,0,0,1,0,0,1,0,0,0,0,0,0,0,0,0,0,0,0,0,0,0,0,0,1,0,0,1,0,0,0,0,0,0,0,0,0,0,0,0,0,0,0,1,0,0,1,0,0,1,3,0,0,0,0,0,0,4,233,schsc,1,0,1,0,0,0,0,0,0,0,1,1,0,0,1,0,0,1,1,1,1,1,0,0,0,0,0,0,0,1,1,1,8,0,0,0,0,0,0,0,0,0,1,10,1,0,0,0,0,0,0,0,0,0,1,0,0,0,0,0,0,0,0,0,0,NA
235,71.17214524347669,111.7895,38.7455,75.29123115653944,99.3625,21.0675,0.9555317710330357,5.9691,0.0119,93,4,1,agrre,1,1,1,1,1,1,0,1,1,0,0,0,0,0,0,0,0,0,0,1,1,1,1,1,1,1,1,1,0,0,0,6,0,0,0,0,0,0,1,1,1,1,1,1,1,1,1,1,1,1,36,0,0,0,0,0,0,0,0,0,1,1,1,1,1,1,0,0,0,6,0,0,0,0,0,0,0,0,0,1,1,1,0,0,0,0,0,0,0,1,1,1,0,0,0,0,0,0,1,1,1,0,0,0,0,0,0,0,1,1,1,1,1,0,0,0,0,1,1,1,0,0,0,0,0,0,0,1,1,1,0,0,0,0,0,0,1,1,1,0,0,0,0,0,0,0,0,0,0,1,1,1,0,0,0,1,1,1,0,0,0,0,0,0,0,0,0,0,1,1,1,0,0,0,1,1,1,0,0,0,0,0,0,0,0,0,0,1,1,1,4,235,agrre,1,1,1,0,0,0,0,0,0,0,1,1,1,1,1,1,1,1,1,1,1,1,1,1,1,1,0,0,0,0,0,0,1,0,0,1,0,0,0,0,0,0,0,3,0,0,0,0,1,1,1,0,0,0,5,0,0,0,0,0,1,0,1,1,1,6
314,71.32788453467845,107.4965,36.5675,75.17371886506935,99.99,24.0525,0.9867497805800759,5.4521,2e-4,102,6,1,solri,1,0,1,1,1,1,0,0,0,0,0,0,0,0,0,0,0,0,0,1,1,1,1,1,1,0,0,0,0,0,0,0,0,0,0,0,0,0,1,1,1,1,1,1,0,0,0,0,0,0,0,0,0,0,0,0,0,0,0,0,1,1,1,0,0,0,0,0,0,0,0,0,0,0,0,0,0,0,0,1,1,1,1,1,1,0,0,0,0,0,0,0,0,0,0,0,0,0,1,1,1,1,1,1,0,0,0,0,0,0,0,0,0,0,0,0,0,1,1,1,1,1,1,0,0,0,0,0,0,0,0,0,0,0,0,0,1,1,1,1,1,1,0,0,0,16,0,0,0,0,0,0,0,0,0,1,1,1,1,1,1,1,1,1,52,1,1,1,0,0,0,0,0,0,1,1,1,1,1,1,1,1,1,79,0,0,0,0,0,0,6,314,solri,1,1,1,0,0,0,0,0,0,0,1,1,1,1,1,1,1,1,1,1,1,1,0,0,0,0,1,1,1,1,1,1,5,0,0,0,0,0,0,0,0,1,1,9,0,0,0,0,0,0,0,0,1,0,9,0,0,0,0,0,0,0,0,0,0,NA
322,70.72400544794189,106.745,36.815,76.15343124495551,99.5775,22.1875,0.9221386864406782,4.8332,0.006,103,6,1,lesca,1,1,1,1,1,1,1,1,1,0,0,0,0,0,0,0,0,1,1,1,1,1,1,1,1,1,1,1,0,0,0,0,0,0,0,0,0,0,1,1,1,1,1,1,1,1,1,0,0,0,0,0,0,0,0,0,0,1,1,1,1,1,1,1,1,1,0,0,0,0,0,0,0,0,0,0,1,0,0,1,1,1,1,1,1,0,0,0,0,0,0,0,0,0,0,0,0,0,1,1,1,1,1,1,0,0,0,0,0,0,0,0,0,0,0,0,0,1,1,1,1,1,1,0,0,0,0,0,0,0,0,0,0,0,0,0,1,1,1,1,1,1,0,0,0,0,0,0,0,0,0,0,0,0,0,1,1,1,1,1,1,0,0,0,0,1,1,1,0,0,0,0,0,0,1,1,1,0,0,0,0,0,0,0,1,1,1,0,0,0,6,322,lesca,1,1,1,1,1,0,0,0,0,0,1,1,1,1,1,1,1,1,1,1,1,1,1,1,1,1,1,1,1,1,1,0,1,0,0,0,0,0,0,0,0,0,0,NA,0,0,0,0,0,0,0,0,1,1,9,1,0,0,0,0,0,0,0,0,0,1
343,71.36891918514333,111.65,36.671,78.88030007363773,100,24.445,0.9213274113825736,5.965,0,104,6,1,andge,1,1,1,1,1,1,0,0,0,0,0,0,0,0,0,0,0,0,0,1,1,1,1,1,1,0,0,0,0,0,0,0,0,0,0,0,0,0,1,1,1,1,1,1,0,0,0,0,0,0,0,0,0,0,0,0,0,0,0,0,1,1,1,0,1,1,0,0,0,0,0,0,0,0,0,0,0,0,0,1,1,1,0,1,1,0,0,0,3,0,0,0,0,0,0,0,0,0,1,1,1,1,1,1,1,1,1,57,0,0,0,0,0,0,0,0,0,1,1,1,1,1,1,1,1,1,77,1,1,1,0,1,1,0,0,0,1,1,1,0,1,1,0,1,1,56,0,1,1,0,1,1,0,0,0,1,1,1,1,0,0,1,0,0,12,1,1,1,0,1,1,0,0,0,1,1,1,0,1,1,0,1,1,54,1,0,0,1,1,1,6,343,andge,1,1,1,0,0,0,0,0,0,0,1,1,1,1,1,1,1,1,1,1,1,1,0,0,0,1,1,1,1,1,1,1,4,0,0,0,0,0,1,1,1,1,1,6,0,0,0,0,0,0,1,1,1,1,7,0,0,0,0,0,0,1,1,1,1,7
344,68.52763141222873,98.915,38.813,84.39787351074894,100,34.86,0.5027510486547567,3.3103,0,105,6,16,agrre,0,0,0,0,0,0,0,0,0,0,0,0,12,0,0,0,0,0,0,0,0,0,0,1,1,0,0,0,0,0,0,3,0,0,0,0,0,0,0,0,0,0,0,0,0,0,0,0,0,0,2,0,0,0,0,0,0,0,0,0,1,0,0,0,0,0,0,0,0,0,0,0,0,0,0,0,0,0,0,1,0,0,0,0,0,0,0,0,0,0,0,0,0,0,0,0,0,0,1,0,0,0,0,0,0,0,0,0,0,0,0,0,0,0,0,0,0,0,0,0,0,0,0,0,0,0,0,0,0,0,0,0,0,0,0,0,0,0,0,0,0,0,0,0,0,0,0,0,0,0,0,0,0,0,0,0,0,0,0,0,0,0,0,0,0,0,0,0,0,0,0,0,0,0,0,0,0,0,0,0,0,0,0,32,0,0,0,0,0,0,6,344,agrre,0,0,1,0,0,0,0,0,0,0,3,0,1,0,1,1,1,0,0,0,0,2,0,0,0,0,0,0,0,0,0,0,NA,0,0,0,0,0,0,0,0,0,0,NA,0,0,0,0,0,0,0,0,0,0,NA,0,0,0,0,0,0,0,0,0,0,NA
344,68.52763141222873,98.915,38.813,84.39787351074894,100,34.86,0.5027510486547567,3.3103,0,106,6,16,andge,1,1,1,1,1,1,0,0,0,0,0,0,12,0,0,0,0,0,0,0,0,0,1,1,1,0,0,0,0,0,0,3,0,0,0,0,0,0,0,1,0,1,1,1,0,0,0,0,0,0,2,0,0,0,0,0,0,0,0,0,1,1,1,1,1,1,0,0,0,0,0,0,0,0,0,0,0,0,0,1,1,1,1,1,1,1,1,1,6,0,0,0,0,0,0,0,0,0,1,1,1,1,1,1,1,1,1,96,0,0,0,0,0,0,0,0,0,1,1,1,1,1,1,1,1,1,88,1,1,1,0,0,0,0,0,0,1,1,1,0,1,1,0,1,1,0,1,1,1,0,1,1,0,0,0,1,1,1,1,0,0,0,0,0,0,0,1,0,1,1,1,0,0,0,1,1,1,1,1,1,1,1,1,32,0,0,0,1,1,1,6,344,andge,1,0,1,0,0,0,0,0,0,0,1,1,1,1,1,1,1,1,1,1,1,1,0,0,0,1,1,1,1,1,1,1,4,0,0,0,0,1,1,1,1,0,1,5,0,0,0,0,0,0,1,1,1,0,7,0,0,0,0,0,0,0,1,1,1,8
344,68.52763141222873,98.915,38.813,84.39787351074894,100,34.86,0.5027510486547567,3.3103,0,107,6,16,broin,0,0,0,0,0,0,0,0,0,0,0,0,12,0,0,0,0,0,0,0,0,0,0,0,0,0,0,0,0,0,0,3,0,0,0,0,0,0,0,0,0,0,0,0,0,0,0,0,0,0,2,0,0,0,0,0,0,0,0,0,0,0,0,0,0,0,0,0,0,0,0,0,0,0,0,0,0,0,0,0,1,0,0,0,0,0,0,0,0,0,0,0,0,0,0,0,0,0,0,1,0,0,0,0,0,0,0,0,0,0,0,0,0,0,0,0,0,0,1,0,0,0,0,0,0,0,0,0,0,0,0,0,0,0,0,0,0,0,0,0,0,0,0,0,0,0,0,0,0,0,0,0,0,0,0,0,0,0,0,0,0,0,0,0,0,0,0,0,0,0,0,0,0,0,0,0,0,0,0,0,0,0,0,32,0,0,0,0,0,0,6,344,broin,0,0,1,0,0,0,0,0,0,0,3,0,0,0,0,1,1,1,0,0,0,5,0,0,0,0,0,0,0,0,0,0,NA,0,0,0,0,0,0,0,0,0,0,NA,0,0,0,0,0,0,0,0,0,0,NA,0,0,0,0,0,0,0,0,0,0,NA
344,68.52763141222873,98.915,38.813,84.39787351074894,100,34.86,0.5027510486547567,3.3103,0,108,6,16,lesca,0,1,0,0,1,0,0,1,0,0,0,0,12,0,0,0,0,0,0,0,0,0,0,1,1,0,1,0,0,0,0,3,0,0,0,0,0,0,0,0,0,0,1,0,0,1,0,0,0,0,2,0,0,0,0,0,0,0,0,0,0,1,1,0,1,0,0,0,0,0,0,0,0,0,0,0,0,0,0,0,1,1,0,1,0,0,0,0,0,0,0,0,0,0,0,0,0,0,0,1,1,0,1,0,0,0,0,0,0,0,0,1,1,1,0,0,0,0,1,0,0,1,0,0,0,0,0,0,0,0,0,0,0,0,0,0,0,1,0,0,1,0,0,0,0,0,0,0,0,0,0,0,0,0,0,0,1,0,0,1,0,0,0,0,0,0,0,0,0,0,0,0,0,0,1,1,0,0,1,0,0,0,0,32,0,0,0,0,0,0,6,344,lesca,1,0,1,0,0,0,0,0,0,0,1,1,1,1,1,1,1,1,1,1,1,1,1,1,1,1,1,1,1,1,1,1,1,0,0,0,0,0,0,0,0,0,0,NA,0,0,0,0,0,0,0,0,0,0,NA,0,0,0,0,0,1,0,0,0,0,6
344,68.52763141222873,98.915,38.813,84.39787351074894,100,34.86,0.5027510486547567,3.3103,0,109,6,16,luppe,1,1,1,1,1,1,1,1,1,1,0,1,12,1,1,1,0,0,0,1,1,1,1,1,1,0,0,0,0,0,0,3,1,1,1,0,1,0,0,1,1,1,1,1,0,0,0,0,0,0,2,1,1,1,1,1,1,1,0,1,1,1,1,0,0,0,0,0,0,0,1,0,1,1,1,1,0,0,0,0,1,0,0,0,0,0,0,0,0,0,0,0,1,1,1,0,0,0,1,1,1,0,0,0,0,0,0,0,0,0,0,0,0,1,0,0,0,1,0,0,0,0,0,0,0,0,0,0,0,0,1,1,1,0,0,0,0,0,0,0,0,0,0,0,0,0,0,0,0,1,1,1,0,0,0,1,0,0,0,0,0,0,0,0,0,0,0,0,1,1,1,0,0,0,0,0,0,0,0,0,0,0,0,32,0,0,0,1,1,1,6,344,luppe,1,1,1,1,0,0,0,0,0,0,1,1,1,1,1,1,1,1,0,1,0,1,1,0,0,0,0,0,0,0,0,0,1,1,0,0,0,0,0,0,0,0,0,1,1,1,1,1,0,0,0,0,0,0,1,0,1,1,1,1,1,1,1,1,1,2
344,68.52763141222873,98.915,38.813,84.39787351074894,100,34.86,0.5027510486547567,3.3103,0,110,6,16,poapr,1,1,1,1,1,1,1,0,0,0,0,0,12,0,0,1,0,0,0,1,1,1,1,1,1,0,0,0,0,0,0,3,1,1,0,0,0,0,1,0,0,1,1,1,0,0,0,0,0,0,2,0,0,0,0,1,1,0,0,0,1,1,1,0,0,0,0,0,0,0,0,0,0,1,1,1,0,0,0,1,1,1,0,0,0,0,0,0,0,0,0,0,1,0,1,0,0,0,0,0,0,0,0,0,0,0,0,0,0,0,0,0,0,0,0,0,0,1,1,1,0,0,0,0,0,0,0,0,0,0,0,0,0,0,0,0,1,1,1,0,0,0,0,0,0,0,0,0,0,0,0,1,0,0,0,1,1,1,0,0,0,0,0,0,0,0,0,0,0,0,1,0,0,0,1,1,1,0,0,0,0,0,0,32,0,0,0,0,0,0,6,344,poapr,1,1,1,0,0,0,0,0,0,0,1,1,1,1,1,1,0,1,1,1,1,1,1,0,0,0,0,0,0,0,0,0,1,0,0,0,0,0,0,0,0,0,0,NA,1,1,0,0,0,0,0,0,0,0,1,0,0,1,1,1,0,0,1,1,0,3
344,68.52763141222873,98.915,38.813,84.39787351074894,100,34.86,0.5027510486547567,3.3103,0,111,6,16,schsc,0,0,0,0,0,0,0,0,0,0,0,0,12,0,0,0,0,0,0,0,0,0,0,0,0,0,0,0,0,0,0,3,0,0,0,0,0,0,0,0,0,0,0,0,0,0,0,0,0,0,2,0,0,0,0,0,0,0,0,0,0,0,0,0,0,0,0,0,0,0,0,0,0,0,0,0,0,0,0,0,0,0,0,0,0,0,0,0,0,0,0,0,0,0,0,0,0,0,0,0,0,0,0,0,0,0,0,0,0,0,0,0,0,0,0,0,0,0,0,0,0,0,0,0,0,0,0,0,0,0,0,0,0,0,0,0,0,0,0,0,0,0,0,0,0,0,0,0,0,0,0,0,0,0,0,0,0,0,0,0,0,0,0,0,0,0,0,0,0,0,0,0,0,0,0,0,0,0,0,0,0,0,0,32,0,0,0,0,0,0,6,344,schsc,0,0,0,0,0,0,0,0,0,0,NA,0,0,0,0,0,0,0,0,0,0,NA,0,0,0,0,0,0,0,0,0,0,NA,0,0,0,0,0,0,0,0,0,0,NA,0,0,0,0,0,0,0,0,0,0,NA,0,0,0,0,0,0,0,0,0,0,NA
344,68.52763141222873,98.915,38.813,84.39787351074894,100,34.86,0.5027510486547567,3.3103,0,112,6,16,solri,0,0,0,0,0,0,0,0,0,0,0,0,12,0,0,0,0,0,0,0,0,0,0,0,0,0,0,0,0,0,0,3,0,0,0,0,0,0,0,0,0,0,0,0,0,0,0,0,0,0,2,0,0,0,0,0,0,0,0,0,0,0,0,0,0,0,0,0,0,0,0,0,0,0,0,0,0,0,0,0,0,0,0,0,0,0,0,0,0,0,0,0,0,0,0,0,0,0,0,0,0,0,0,0,0,0,0,0,0,0,0,0,0,0,0,0,0,0,0,0,0,0,0,0,0,0,0,0,0,0,0,0,0,0,0,0,0,0,0,0,0,0,0,0,0,0,0,0,0,0,0,0,0,0,0,0,0,0,0,0,0,0,0,0,0,0,0,0,0,0,0,0,0,0,0,0,0,0,0,0,0,0,0,32,0,0,0,0,0,0,6,344,solri,0,0,0,0,0,0,0,0,0,0,NA,0,0,0,0,0,0,0,0,0,0,NA,0,0,0,0,0,0,0,0,0,0,NA,0,0,0,0,0,0,0,0,0,0,NA,0,0,0,0,0,0,0,0,0,0,NA,0,0,0,0,0,0,0,0,0,0,NA
355,69.05906011,99.5945,39.6365,83.43534637,100,34.645,0.5551333373690907,3.6114,0,114,6,16,agrre,1,1,0,1,1,0,0,0,0,0,0,0,5,0,0,0,0,0,0,0,0,0,1,0,1,0,0,0,0,0,0,0,0,0,0,0,0,0,0,0,0,1,0,1,0,0,0,0,0,0,2,0,0,0,0,0,0,0,0,0,1,1,1,0,0,0,0,0,0,0,0,0,0,0,0,0,0,0,0,1,1,1,0,0,0,0,0,0,0,0,0,0,0,0,0,0,0,0,1,1,1,0,0,0,0,0,0,0,0,0,0,0,0,0,0,0,0,0,1,1,0,0,0,0,0,0,0,0,0,0,0,0,0,0,0,0,0,1,1,0,0,0,0,0,0,0,0,0,0,0,0,0,0,0,0,0,1,1,0,0,0,0,0,0,0,0,0,0,0,0,0,0,0,0,0,1,1,0,0,0,0,0,0,37,0,0,0,0,0,0,6,355,agrre,1,0,1,0,0,0,0,0,0,0,1,1,1,1,1,1,1,1,1,1,1,1,0,0,0,0,0,0,0,0,0,0,NA,0,0,0,0,0,0,0,0,0,0,NA,0,0,0,0,0,0,0,0,0,0,NA,0,0,0,0,0,0,0,0,0,0,NA
355,69.05906011,99.5945,39.6365,83.43534637,100,34.645,0.5551333373690907,3.6114,0,115,6,16,andge,1,1,1,1,1,1,0,0,0,0,0,0,5,0,0,0,0,0,0,0,0,0,1,1,1,0,0,0,0,0,0,0,0,0,0,0,0,0,1,1,1,1,1,1,0,0,0,0,0,0,2,0,0,0,0,0,0,0,0,0,1,1,1,1,1,0,0,0,0,0,0,0,0,0,0,0,0,0,0,1,1,1,1,1,1,0,0,0,6,0,0,0,0,0,0,0,0,0,1,1,1,1,1,1,1,1,1,46,0,0,0,0,0,0,0,0,0,1,1,1,1,1,0,1,1,0,66,1,1,1,0,0,1,0,0,0,1,1,1,0,1,1,0,1,1,0,1,1,1,1,1,0,0,0,0,1,1,1,0,0,0,0,0,0,0,0,0,0,1,1,1,0,0,0,1,1,1,1,1,1,1,1,1,37,0,0,0,1,1,1,6,355,andge,1,0,1,0,0,0,0,0,0,0,1,1,1,1,1,1,1,1,1,1,1,1,0,0,0,1,1,1,1,1,0,1,4,0,0,0,0,0,1,1,1,0,1,6,0,0,0,0,0,0,1,1,0,0,7,0,0,0,0,0,0,1,1,1,1,7
355,69.05906011,99.5945,39.6365,83.43534637,100,34.645,0.5551333373690907,3.6114,0,116,6,16,broin,0,0,0,0,0,0,0,0,0,0,0,0,5,0,0,0,0,0,0,0,0,0,0,0,0,0,0,0,0,0,0,0,0,0,0,0,0,0,0,0,0,0,0,0,0,0,0,0,0,0,2,0,0,0,0,0,0,0,0,0,0,0,0,0,0,0,0,0,0,0,0,0,0,0,0,0,0,0,0,0,0,0,0,0,0,0,0,0,0,0,0,0,0,0,0,0,0,0,0,0,0,0,0,0,0,0,0,0,0,0,0,0,0,0,0,0,0,0,0,0,0,0,0,0,0,0,0,0,0,0,0,0,0,0,0,0,0,0,0,0,0,0,0,0,0,0,0,0,0,0,0,0,0,0,0,0,0,0,0,0,0,0,0,0,0,0,0,0,0,0,0,0,0,0,0,0,0,0,0,0,0,0,0,37,0,0,0,0,0,0,6,355,broin,0,0,0,0,0,0,0,0,0,0,NA,0,0,0,0,0,0,0,0,0,0,NA,0,0,0,0,0,0,0,0,0,0,NA,0,0,0,0,0,0,0,0,0,0,NA,0,0,0,0,0,0,0,0,0,0,NA,0,0,0,0,0,0,0,0,0,0,NA
355,69.05906011,99.5945,39.6365,83.43534637,100,34.645,0.5551333373690907,3.6114,0,117,6,16,lesca,0,0,0,0,0,0,0,0,0,0,0,0,5,0,0,0,0,0,0,1,0,0,1,0,0,0,0,0,0,0,0,0,0,0,0,0,0,0,0,0,0,0,0,0,0,0,0,0,0,0,2,0,0,0,0,0,0,0,0,0,0,0,0,0,0,0,0,0,0,0,0,0,0,0,0,0,0,0,0,0,0,0,0,0,0,0,0,0,0,0,0,0,0,0,0,0,0,0,0,0,0,0,0,0,0,0,0,0,0,0,0,0,0,0,0,0,0,0,0,0,0,0,0,0,0,0,0,0,0,0,0,0,0,0,0,0,0,0,0,0,0,0,0,0,0,0,0,0,0,0,0,0,0,0,0,0,0,0,0,0,0,0,0,0,0,0,0,0,0,0,0,0,0,0,0,0,0,0,0,0,0,0,0,37,0,0,0,0,0,0,6,355,lesca,0,1,1,0,0,0,0,0,0,0,2,0,1,0,0,0,0,0,0,0,0,2,0,0,0,0,0,0,0,0,0,0,NA,0,0,0,0,0,0,0,0,0,0,NA,0,0,0,0,0,0,0,0,0,0,NA,0,0,0,0,0,0,0,0,0,0,NA
355,69.05906011,99.5945,39.6365,83.43534637,100,34.645,0.5551333373690907,3.6114,0,118,6,16,luppe,1,1,1,1,1,1,0,0,0,0,0,0,5,1,1,1,0,0,0,0,0,0,1,1,1,0,0,0,0,0,0,0,1,1,1,1,0,1,0,0,1,1,1,1,0,0,0,0,0,0,2,1,1,1,1,1,1,0,0,0,1,1,0,0,0,0,0,0,0,0,1,1,0,1,1,1,0,0,0,0,0,0,0,0,0,0,0,0,0,0,0,0,1,1,1,0,0,0,0,0,0,0,0,0,0,0,0,0,0,0,0,1,1,1,0,0,0,0,0,0,0,0,0,0,0,0,0,0,0,0,1,0,0,0,0,0,0,0,0,0,0,0,0,0,0,0,0,0,0,1,1,1,0,0,0,0,0,0,0,0,0,0,0,0,0,0,0,0,1,1,1,0,0,0,0,0,1,0,0,0,0,0,0,37,0,0,0,1,1,1,6,355,luppe,1,0,1,0,0,0,0,0,0,0,1,1,1,1,1,0,0,0,0,0,1,1,0,0,0,0,0,0,0,0,0,0,NA,0,0,0,0,0,0,0,0,0,0,NA,1,1,1,1,0,0,0,0,0,0,1,0,1,1,1,1,1,1,1,1,1,2
355,69.05906011,99.5945,39.6365,83.43534637,100,34.645,0.5551333373690907,3.6114,0,119,6,16,poapr,1,1,1,1,1,1,0,0,0,0,0,0,5,1,0,1,0,0,0,1,0,1,1,1,1,0,0,0,0,0,0,0,1,1,0,0,0,0,0,0,1,1,1,1,0,0,0,0,0,0,2,0,0,0,1,1,1,0,0,0,1,1,1,0,0,0,0,0,0,0,0,0,0,1,1,1,0,0,0,1,1,1,0,0,0,0,0,0,0,0,0,0,0,0,0,0,0,0,1,1,1,0,0,0,0,0,0,0,0,0,0,0,0,0,0,0,0,1,0,0,0,0,0,0,0,0,0,0,0,0,0,0,0,0,0,0,1,1,1,0,0,0,0,0,0,0,0,0,0,0,0,0,0,0,0,1,1,1,0,0,0,0,0,0,0,0,0,0,0,0,0,0,0,0,1,1,1,0,0,0,0,0,0,37,0,0,0,0,0,0,6,355,poapr,1,1,1,0,0,0,0,0,0,0,1,1,1,1,1,1,1,1,1,1,1,1,0,0,0,0,0,0,0,0,0,0,NA,0,0,0,0,0,0,0,0,0,0,NA,1,1,0,0,0,0,0,0,0,0,1,0,0,1,1,0,0,0,0,0,0,3
355,69.05906011,99.5945,39.6365,83.43534637,100,34.645,0.5551333373690907,3.6114,0,120,6,16,schsc,0,0,0,0,0,0,0,0,0,0,0,0,5,0,0,0,0,0,0,0,0,0,0,0,0,0,0,0,0,0,0,0,0,0,0,0,0,0,0,0,0,0,0,0,0,0,0,0,0,0,2,0,0,0,0,0,0,0,0,0,0,0,0,0,0,0,0,0,0,0,0,0,0,0,0,0,0,0,0,0,0,0,0,0,0,0,0,0,0,0,0,0,0,0,0,0,0,0,0,0,0,0,0,0,0,0,0,0,0,0,0,0,0,0,0,0,0,0,0,0,0,0,0,0,0,0,0,0,0,0,0,0,0,0,0,0,0,0,0,0,0,0,0,0,0,0,0,0,0,0,0,0,0,0,0,0,0,0,0,0,0,0,0,0,0,0,0,0,0,0,0,0,0,0,0,0,0,0,0,0,0,0,0,37,0,0,0,0,0,0,6,355,schsc,0,0,0,0,0,0,0,0,0,0,NA,0,0,0,0,0,0,0,0,0,0,NA,0,0,0,0,0,0,0,0,0,0,NA,0,0,0,0,0,0,0,0,0,0,NA,0,0,0,0,0,0,0,0,0,0,NA,0,0,0,0,0,0,0,0,0,0,NA
355,69.05906011,99.5945,39.6365,83.43534637,100,34.645,0.5551333373690907,3.6114,0,121,6,16,solri,0,0,0,0,0,0,0,0,0,0,0,0,5,0,0,0,0,0,0,0,0,0,0,0,0,0,0,0,0,0,0,0,0,0,0,0,0,0,0,0,0,0,0,0,0,0,0,0,0,0,2,0,0,0,0,0,0,0,0,0,0,0,0,0,0,0,0,0,0,0,0,0,0,0,0,0,0,0,0,0,0,0,0,0,0,0,0,0,0,0,0,0,0,0,0,0,0,0,0,0,0,0,0,0,0,0,0,0,0,0,0,0,0,0,0,0,0,0,0,0,0,0,0,0,0,0,0,0,0,0,0,0,0,0,0,0,0,0,0,0,0,0,0,0,0,0,0,0,0,0,0,0,0,0,0,0,0,0,0,0,0,0,0,0,0,0,0,0,0,0,0,0,0,0,0,0,0,0,0,0,0,0,0,37,0,0,0,0,0,0,6,355,solri,0,0,0,0,0,0,0,0,0,0,NA,0,0,0,0,0,0,0,0,0,0,NA,0,0,0,0,0,0,0,0,0,0,NA,0,0,0,0,0,0,0,0,0,0,NA,0,0,0,0,0,0,0,0,0,0,NA,0,0,0,0,0,0,0,0,0,0,NA
358,68.71222000887806,103.5185,38.6825,82.81941261,100,24.4125,0.587554662,4.8336,0,122,6,16,agrre,0,0,0,0,0,1,0,0,0,0,0,0,6,0,0,0,0,0,0,0,0,0,0,0,0,0,0,0,0,0,0,0,0,0,0,0,0,0,0,0,0,0,0,1,0,0,0,0,0,0,1,0,0,0,0,0,0,0,0,0,0,1,1,0,0,0,0,0,0,0,0,0,0,0,0,0,0,0,0,0,1,1,0,0,0,0,0,0,0,0,0,0,0,0,0,0,0,0,0,1,1,0,0,0,0,0,0,0,0,0,0,0,0,0,0,0,0,0,0,1,0,0,0,0,0,0,0,0,0,0,0,0,0,0,0,0,0,0,0,0,0,0,0,0,0,15,0,0,0,0,0,0,0,0,0,0,0,0,0,0,0,0,0,0,5,0,0,0,0,0,0,0,0,0,0,0,0,0,0,0,0,0,0,0,0,0,0,0,0,0,6,358,agrre,0,0,1,0,0,0,0,0,0,0,3,1,0,1,1,1,1,1,0,0,0,1,0,0,0,0,0,0,0,0,0,0,NA,0,0,0,0,0,0,0,0,0,0,NA,0,0,0,0,0,0,0,0,0,0,NA,0,0,0,0,0,0,0,0,0,0,NA
358,68.71222000887806,103.5185,38.6825,82.81941261,100,24.4125,0.587554662,4.8336,0,123,6,16,andge,1,1,1,1,1,1,0,0,0,0,0,0,6,0,0,0,0,0,0,0,0,0,1,1,1,0,0,0,0,0,0,0,0,0,0,0,0,0,1,1,1,1,1,1,0,0,0,0,0,0,1,0,0,0,0,0,0,0,0,0,1,1,1,1,1,1,0,0,0,0,0,0,0,0,0,0,0,0,0,1,1,1,1,1,1,0,0,0,3,0,0,0,0,0,0,0,0,0,1,1,1,1,1,1,1,1,1,46,0,0,0,0,0,0,0,0,0,1,1,1,1,1,1,1,1,1,44,1,1,1,1,0,1,0,0,0,1,1,1,1,1,1,1,1,1,15,1,1,1,1,0,1,0,0,0,1,1,1,1,0,0,1,0,0,5,0,1,0,1,1,1,0,0,0,1,1,1,1,1,0,1,1,0,26,0,0,0,1,1,1,6,358,andge,1,0,1,0,0,0,0,0,0,0,1,1,1,1,1,1,1,1,1,1,1,1,0,0,0,1,1,1,1,1,1,1,4,0,0,0,0,0,1,1,1,1,1,6,0,0,0,0,0,0,1,1,1,0,7,0,0,0,0,0,0,1,1,1,1,7
358,68.71222000887806,103.5185,38.6825,82.81941261,100,24.4125,0.587554662,4.8336,0,124,6,16,broin,0,0,0,0,0,0,0,0,0,0,0,0,6,0,0,0,0,0,0,0,0,0,0,0,0,0,0,0,0,0,0,0,0,0,0,0,0,0,0,0,0,0,0,0,0,0,0,0,0,0,1,0,0,0,0,0,0,0,0,0,0,0,0,0,0,0,0,0,0,0,0,0,0,0,0,0,0,0,0,0,0,0,0,0,0,0,0,0,0,0,0,0,0,0,0,0,0,0,0,0,0,0,0,0,0,0,0,0,0,0,0,0,0,0,0,0,0,0,0,0,0,0,0,0,0,0,0,0,0,0,0,0,0,0,0,0,0,0,0,0,0,0,0,0,0,15,0,0,0,0,0,0,0,0,0,0,0,0,0,0,0,0,0,0,5,0,0,0,0,0,0,0,0,0,0,0,0,0,0,0,0,0,0,0,0,0,0,0,0,0,6,358,broin,0,0,1,0,0,0,0,0,0,0,3,0,0,0,0,0,0,0,0,0,0,NA,0,0,0,0,0,0,0,0,0,0,NA,0,0,0,0,0,0,0,0,0,0,NA,0,0,0,0,0,0,0,0,0,0,NA,0,0,0,0,0,0,0,0,0,0,NA
358,68.71222000887806,103.5185,38.6825,82.81941261,100,24.4125,0.587554662,4.8336,0,125,6,16,lesca,0,0,0,0,0,0,0,0,0,0,0,0,6,0,0,0,0,0,0,0,0,0,0,0,0,0,0,0,0,0,0,0,0,0,0,0,0,0,0,0,0,0,0,0,0,0,0,0,0,0,1,0,0,0,0,0,0,0,0,0,0,0,0,0,0,0,0,0,0,0,0,0,0,0,0,0,0,0,0,0,0,0,0,0,0,0,0,0,0,0,0,0,0,0,0,0,0,0,0,0,0,0,0,0,0,0,0,0,0,0,0,0,0,0,0,0,0,0,0,0,0,0,0,0,0,0,0,0,0,0,0,0,0,0,0,0,0,0,0,0,0,0,0,0,0,15,0,0,0,0,0,0,0,0,0,0,0,0,0,0,0,0,0,0,5,0,0,0,0,0,0,0,0,0,0,0,0,0,0,0,0,0,0,0,0,0,0,0,0,0,6,358,lesca,0,0,1,0,0,0,0,0,0,0,3,0,0,0,0,0,0,0,0,0,0,NA,0,0,0,0,0,0,0,0,0,0,NA,0,0,0,0,0,0,0,0,0,0,NA,0,0,0,0,0,0,0,0,0,0,NA,0,0,0,0,0,0,0,0,0,0,NA
358,68.71222000887806,103.5185,38.6825,82.81941261,100,24.4125,0.587554662,4.8336,0,126,6,16,luppe,1,1,1,1,1,1,0,0,0,0,0,0,6,1,1,1,0,0,0,1,1,0,1,1,1,0,0,0,0,0,0,0,1,1,1,1,0,1,1,1,1,1,1,1,0,0,0,0,0,0,1,1,1,1,1,1,1,0,0,0,1,1,1,0,0,0,0,0,0,0,1,1,1,1,1,1,0,0,0,1,1,0,0,0,0,0,0,0,0,0,0,0,1,1,1,0,0,0,0,1,1,0,0,0,0,0,0,0,0,0,0,1,1,1,0,0,0,1,0,0,0,0,0,0,0,0,0,0,0,0,1,1,1,0,0,0,1,0,0,0,0,0,0,0,0,15,0,0,0,1,1,0,0,0,0,0,0,0,0,0,0,0,0,0,5,0,0,0,1,1,1,0,0,0,0,0,0,0,0,0,0,0,0,0,0,0,0,1,1,1,6,358,luppe,1,1,1,0,0,0,0,0,0,0,1,1,1,1,1,1,1,1,1,0,0,1,0,0,0,0,0,0,0,0,0,0,NA,0,0,0,0,0,0,0,0,0,0,NA,1,1,1,1,0,0,0,0,0,0,1,0,1,1,1,1,1,1,1,1,1,2
358,68.71222000887806,103.5185,38.6825,82.81941261,100,24.4125,0.587554662,4.8336,0,127,6,16,poapr,1,1,1,1,1,1,0,0,0,0,0,0,6,0,1,1,0,0,0,1,1,0,1,1,1,0,0,0,0,0,0,0,0,1,1,0,0,0,1,1,1,1,1,1,0,0,0,0,0,0,1,0,0,0,0,0,1,0,0,0,1,1,1,0,0,0,0,0,0,0,0,0,0,0,1,1,0,0,0,1,1,1,0,0,0,0,0,0,0,0,0,0,0,0,1,0,0,0,1,1,1,0,0,0,0,0,0,0,0,0,0,0,0,1,0,0,0,1,1,1,0,0,0,0,0,0,0,0,0,0,1,0,1,0,0,0,1,1,1,0,0,0,0,0,0,15,0,0,0,0,0,0,0,0,0,1,1,1,0,0,0,0,0,0,5,0,0,0,0,0,0,0,0,0,1,1,1,0,0,0,0,0,0,0,0,0,0,0,0,0,6,358,poapr,1,1,1,0,0,0,0,0,0,0,1,1,1,1,1,1,1,1,1,1,1,1,0,0,0,0,0,0,0,0,0,0,NA,0,0,0,0,0,0,0,0,0,0,NA,1,1,0,0,0,0,0,0,0,0,1,0,0,1,1,1,1,1,0,0,0,3
358,68.71222000887806,103.5185,38.6825,82.81941261,100,24.4125,0.587554662,4.8336,0,128,6,16,schsc,0,0,0,0,0,0,0,0,0,0,0,0,6,0,0,0,0,0,0,0,0,0,0,0,0,0,0,0,0,0,0,0,0,0,0,0,0,0,0,0,0,0,0,0,0,0,0,0,0,0,1,0,0,0,0,0,0,0,0,0,0,0,0,0,0,0,0,0,0,0,0,0,0,0,0,0,0,0,0,0,1,0,0,0,0,0,0,0,0,0,0,0,0,0,0,0,0,0,0,0,0,0,0,0,0,0,0,0,0,0,0,0,0,0,0,0,0,0,1,1,0,1,1,0,0,0,0,0,0,0,0,0,0,0,0,0,0,0,0,0,0,0,0,0,0,15,0,0,0,0,0,0,0,0,0,0,1,0,0,1,0,0,0,0,5,0,0,0,0,0,0,0,0,0,0,1,0,0,1,0,0,1,0,10,0,0,0,0,0,0,6,358,schsc,0,0,1,0,0,0,0,0,0,0,3,0,0,0,0,1,0,1,0,1,1,5,0,0,0,0,0,0,1,0,1,1,7,0,0,0,0,0,0,0,0,0,1,10,0,0,0,0,0,0,0,0,0,0,NA,0,0,0,0,0,0,0,0,0,0,NA
358,68.71222000887806,103.5185,38.6825,82.81941261,100,24.4125,0.587554662,4.8336,0,129,6,16,solri,0,0,0,0,0,0,0,0,0,0,0,0,6,0,0,0,0,0,0,0,0,0,0,0,0,0,0,0,0,0,0,0,0,0,0,0,0,0,0,0,0,0,0,0,0,0,0,0,0,0,1,0,0,0,0,0,0,0,0,0,0,0,0,0,0,0,0,0,0,0,0,0,0,0,0,0,0,0,0,0,0,0,0,0,0,0,0,0,0,0,0,0,0,0,0,0,0,0,0,0,0,0,0,0,0,0,0,0,0,0,0,0,0,0,0,0,0,0,0,0,0,0,0,0,0,0,0,0,0,0,0,0,0,0,0,0,0,0,0,0,0,0,0,0,0,15,0,0,0,0,0,0,0,0,0,0,0,0,0,0,0,0,0,0,5,0,0,0,0,0,0,0,0,0,0,0,0,0,0,0,0,0,0,0,0,0,0,0,0,0,6,358,solri,0,0,1,0,0,0,0,0,0,0,3,0,0,0,0,0,0,0,0,0,0,NA,0,0,0,0,0,0,0,0,0,0,NA,0,0,0,0,0,0,0,0,0,0,NA,0,0,0,0,0,0,0,0,0,0,NA,0,0,0,0,0,0,0,0,0,0,NA
361,69.96602909932813,107.2085,37.715,81.741707019349107,100,25.2825,0.6885139751427479,4.3557,0,130,6,9,agrre,1,0,0,1,1,0,0,1,0,0,0,0,46,0,1,0,0,0,0,0,0,0,0,1,1,0,1,0,0,0,0,21,0,0,0,0,0,0,0,0,0,0,1,0,0,1,0,0,1,0,3,0,0,0,0,0,0,0,0,0,0,1,1,0,1,0,0,1,0,8,0,0,0,0,0,0,0,0,0,0,1,1,0,0,0,0,0,0,0,0,0,0,0,0,0,0,0,0,0,1,1,0,0,0,0,0,0,0,0,0,0,0,0,0,0,0,0,0,0,0,0,0,0,0,0,0,0,0,0,0,0,0,0,0,0,0,0,0,0,0,0,0,0,0,0,0,0,0,0,0,0,0,0,0,0,0,0,0,0,0,0,0,0,0,0,0,0,0,0,0,0,0,0,0,0,0,0,0,0,0,0,0,0,100,0,0,0,0,0,0,6,361,agrre,1,0,1,0,0,0,0,0,0,0,1,1,1,1,1,1,1,0,0,0,0,1,1,1,1,1,0,0,0,0,0,0,1,0,0,1,1,0,0,0,0,0,0,3,1,0,0,0,0,0,0,0,0,0,1,0,0,0,0,0,0,0,0,0,0,NA
361,69.96602909932813,107.2085,37.715,81.741707019349107,100,25.2825,0.6885139751427479,4.3557,0,131,6,9,broin,0,0,0,0,0,0,0,0,0,0,0,0,46,0,0,0,0,0,0,0,0,0,0,0,0,0,0,0,0,0,0,21,0,0,0,0,0,0,0,0,0,0,0,0,0,0,0,0,0,0,0,0,0,0,0,0,0,0,0,0,1,0,0,0,0,0,0,0,0,8,0,0,0,0,0,0,0,0,0,0,1,1,0,0,0,0,0,0,0,0,0,0,0,0,0,0,0,0,0,1,1,0,0,0,0,0,0,0,0,0,0,0,0,0,0,0,0,0,1,0,0,0,0,0,0,0,0,0,0,0,0,0,0,0,0,0,0,1,0,0,0,0,0,0,0,0,0,0,0,0,0,0,0,0,0,0,0,0,0,0,0,0,0,0,0,0,0,0,0,0,0,0,0,0,0,0,0,0,0,0,0,0,0,100,0,0,0,0,0,0,6,361,broin,0,0,1,0,0,0,0,0,0,0,3,0,0,0,1,1,1,1,1,0,0,4,0,0,0,0,0,0,0,0,0,0,NA,0,0,0,0,0,0,0,0,0,0,NA,0,0,0,0,0,0,0,0,0,0,NA,0,0,0,0,0,0,0,0,0,0,NA
361,69.96602909932813,107.2085,37.715,81.741707019349107,100,25.2825,0.6885139751427479,4.3557,0,132,6,9,poapr,1,1,1,1,1,1,0,0,0,0,0,0,46,1,0,1,0,0,0,0,1,1,1,1,1,0,0,0,0,0,0,21,0,0,1,0,0,0,0,0,1,1,1,1,0,0,0,0,0,0,0,0,0,0,1,0,1,0,0,0,1,1,1,0,0,0,0,0,0,8,0,0,0,1,0,1,0,0,0,1,1,1,0,0,0,0,0,0,0,0,0,0,0,0,0,0,0,0,1,0,1,0,0,0,0,0,0,0,0,0,0,0,0,0,0,0,0,1,1,1,0,0,0,0,0,0,0,0,0,0,0,0,0,0,0,0,1,1,1,0,0,0,0,0,0,0,0,0,0,0,0,0,0,0,0,1,1,1,0,0,0,0,0,0,0,0,0,0,0,0,0,0,0,0,1,1,1,0,0,0,0,0,0,100,0,0,0,0,0,0,6,361,poapr,1,1,1,0,0,0,0,0,0,0,1,1,1,1,1,1,1,1,1,1,1,1,0,0,0,0,0,0,0,0,0,0,NA,0,0,0,0,0,0,0,0,0,0,NA,1,1,0,0,0,0,0,0,0,0,1,0,0,1,1,0,0,0,0,0,0,3
361,69.96602909932813,107.2085,37.715,81.741707019349107,100,25.2825,0.6885139751427479,4.3557,0,133,6,9,schsc,1,1,1,1,1,1,0,0,0,0,0,0,46,0,0,0,0,0,0,1,1,1,1,1,1,0,0,0,0,0,0,21,0,0,0,0,0,0,0,0,0,1,1,1,0,0,0,0,0,0,0,0,0,0,0,0,0,0,0,0,1,1,1,0,0,0,0,0,0,0,0,0,0,0,0,0,0,0,0,1,1,1,0,0,0,0,0,0,0,0,0,0,0,0,0,0,0,0,1,1,1,0,0,0,0,0,0,0,0,0,0,0,0,0,0,0,0,1,1,1,1,1,1,0,0,0,0,0,0,0,0,0,0,0,0,0,1,1,1,1,1,1,0,0,0,0,0,0,0,0,0,0,0,0,0,1,1,1,1,1,1,0,0,0,0,0,0,0,0,0,0,0,0,0,1,1,1,1,1,1,1,1,1,100,0,0,0,0,0,0,6,361,schsc,1,1,1,0,0,0,0,0,0,0,1,1,1,1,1,1,1,1,1,1,1,1,0,0,0,0,0,0,1,1,1,1,7,0,0,0,0,0,0,0,0,0,1,10,0,0,0,0,0,0,0,0,0,0,NA,0,0,0,0,0,0,0,0,0,0,NA